USE GYM;

INSERT INTO  customer(c_name,registration_date,birth_date,contact) values 
	('Gerald Cunningham', '2018-04-07', '1993-10-07', '001-455-650-7775'),
	('Douglas Pena', '2019-07-03', '2014-12-09', '(346)555-1347x286'),
	('Sara Fisher', '2018-05-31', '1971-04-21', '(480)976-4946x0994'),
	('Patricia Graves', '2022-04-08', '2000-10-03', '(446)602-6868x703'),
	('Jordan Ferguson', '2019-10-14', '1984-04-01', '001-469-767-4326x947'),
	('Shannon Kirby', '2020-06-01', '2001-02-13', '(627)718-9603'),
	('Sandra Ross', '2019-11-22', '2000-12-01', '(719)773-2644x3888'),
	('Joy James', '2022-11-15', '1992-11-01', '764.861.9421x31371'),
	('Nicholas Schroeder', '2021-05-31', '1971-06-26', '774-821-1335x1905'),
	('Rachel Ibarra', '2022-01-23', '1984-06-22', '+1-660-995-5853x11123'),
	('Sharon Burton', '2020-03-24', '1998-03-23', '(499)637-8804'),
	('Morgan Mooney', '2017-07-11', '1996-05-19', '(595)647-4891x977'),
	('Charlene Hill', '2017-01-21', '1982-04-17', '(200)661-4083'),
	('Valerie Sanchez', '2017-04-27', '1995-07-31', '001-546-494-5413x21108'),
	('Vincent Williams', '2019-12-12', '1987-11-09', '942-450-8902'),
	('Stephanie Young', '2017-07-08', '2008-05-31', '+1-734-607-0355x9134'),
	('Sean Soto', '2019-07-05', '2012-02-19', '844.300.1267x1037'),
	('Allison Schneider', '2020-07-29', '1999-02-18', '001-282-770-3717x881'),
	('Bill Flores', '2021-06-11', '2012-01-11', '(486)328-1203x9979'),
	('Reginald Mccarty', '2017-09-28', '1995-02-12', '437.765.2369x9171'),
	('Kimberly Mathis', '2017-06-23', '1997-04-26', '+1-999-659-8605x930'),
	('Gregory Mooney', '2016-12-12', '1980-03-19', '(520)877-3633'),
	('Kimberly Hill', '2020-12-23', '2006-10-05', '+1-779-539-1336x83769'),
	('Gregory Rojas', '2019-10-21', '1974-12-22', '001-768-920-1062x894'),
	('Bruce Brown', '2022-07-04', '2008-08-14', '700-246-2173x100'),
	('Christie Burns', '2020-05-19', '1987-05-12', '+1-843-506-9583x03313'),
	('April Cox', '2022-08-20', '2010-09-30', '001-466-885-0688'),
	('Samantha Wallace', '2021-07-30', '1995-11-22', '(562)734-0960x8811'),
	('Mark Miller', '2018-01-31', '1988-06-07', '(575)264-7098x978'),
	('Brenda Saunders', '2018-06-05', '1996-10-04', '+1-504-515-4110x768'),
	('Elizabeth White', '2019-03-11', '2004-02-29', '(466)918-9879'),
	('Dawn Palmer', '2018-01-22', '2003-01-07', '(874)354-5254'),
	('Anne Norton', '2021-09-22', '1978-07-27', '419-555-2990x946'),
	('Jane Schultz', '2019-12-31', '1985-11-27', '+1-279-970-7519'),
	('Elaine Bell', '2018-05-20', '1981-08-16', '838-923-3980'),
	('Sara Nielsen', '2020-08-15', '2000-07-09', '858-211-7560x479'),
	('Patrick Ramsey', '2016-08-02', '1988-04-11', '+1-787-933-9760'),
	('Austin Smith', '2020-01-22', '1986-11-25', '449-762-1010x05785'),
	('Michael Stevens PhD', '2018-08-16', '1981-12-13', '6563362448'),
	('Maria Davis', '2022-11-05', '2010-01-31', '(545)653-6092x932'),
	('Michael Henderson', '2020-11-10', '1984-04-16', '001-418-226-6314'),
	('Erin Thomas', '2019-11-04', '2005-01-06', '(331)865-5235x992'),
	('Dawn Reynolds', '2017-01-17', '1985-10-13', '369-341-2789x0570'),
	('Megan Waters', '2016-08-23', '2008-01-31', '620-260-8307'),
	('Richard Lopez', '2016-08-11', '1994-09-03', '851.835.1299x37684'),
	('Daniel Odonnell', '2022-03-31', '1998-04-09', '494.668.6101x2367'),
	('Jennifer James', '2022-10-12', '2014-07-22', '(787)487-3153x276'),
	('Katie Robertson', '2019-03-17', '1975-05-06', '285.283.3540x352'),
	('Chris Perez', '2022-09-14', '2006-01-04', '7507405090'),
	('Darlene Bryant', '2017-06-13', '2001-09-18', '(881)232-7452'),
	('Matthew Cooper', '2017-07-16', '1992-01-27', '309-857-9135x8876'),
	('Miss Lauren Hawkins', '2021-12-21', '2004-06-13', '343.549.3310'),
	('Kevin Taylor', '2022-05-25', '1987-08-08', '001-434-315-8236'),
	('Jackson Shaw', '2019-03-03', '1995-03-18', '4873464294'),
	('Richard Hughes', '2022-09-13', '1980-07-05', '433-631-4509'),
	('Christopher Nelson', '2019-03-30', '2007-04-28', '(406)973-6486x8683'),
	('Wayne Roberts', '2020-07-15', '1982-06-10', '293.902.4657x226'),
	('Shannon Murphy', '2021-06-09', '2008-02-08', '787.756.5544'),
	('Cynthia Graham', '2016-10-12', '1995-10-13', '(849)731-0942x5567'),
	('Nicholas Lewis', '2017-10-27', '1990-08-30', '001-267-569-6575x7285'),
	('Cameron Wang', '2019-07-09', '2001-01-18', '+1-801-960-0185'),
	('Brandon Soto', '2022-05-02', '2008-02-27', '836-438-4261'),
	('Valerie Banks', '2016-05-30', '2000-12-17', '+1-395-488-1648x3597'),
	('Timothy Jackson', '2016-03-09', '1987-08-04', '448.718.4945x592'),
	('Christine Lester', '2021-11-05', '1974-08-17', '7504264992'),
	('Eric Hicks', '2020-05-12', '2012-08-12', '354-747-8231x4390'),
	('Michael Randolph', '2022-05-18', '1997-02-14', '001-759-433-0237'),
	('Mia Garner', '2016-07-28', '1985-10-26', '001-578-703-4614x27123'),
	('Joseph Freeman', '2019-12-14', '1980-11-11', '(802)547-5290x55876'),
	('Melissa King', '2021-10-19', '1994-03-17', '3348187122'),
	('Ashley Lloyd', '2021-01-17', '1995-09-26', '001-555-676-3092'),
	('Alvin Lopez', '2020-08-30', '2013-09-11', '575-638-8661'),
	('Antonio Clark', '2017-09-26', '1992-03-29', '694-706-6220'),
	('Evelyn Burns', '2020-09-21', '2000-10-06', '001-695-304-5430x32818'),
	('Brittany Jones', '2018-09-17', '1986-05-29', '622.204.1633'),
	('Joshua Jones', '2022-08-14', '1973-06-19', '+1-329-224-2320x120'),
	('Lorraine Gibson', '2022-08-16', '1975-03-02', '243.930.0590'),
	('Paige Cooley', '2021-10-19', '2012-04-19', '945-358-0356'),
	('Cynthia Contreras', '2019-02-21', '1982-07-09', '(815)499-4472x21181'),
	('Bryan Bryant', '2016-07-05', '2001-08-09', '+1-811-298-0441x759'),
	('Anna Sanchez', '2016-09-17', '1978-03-16', '(293)525-7051x403'),
	('Patricia Roman', '2021-07-07', '1977-06-27', '403-466-4768'),
	('Vernon Reynolds', '2016-04-25', '2002-10-28', '001-535-313-5553x06511'),
	('Sean Johnson', '2022-03-14', '2013-11-17', '986-669-9228'),
	('Melanie Carrillo', '2022-11-13', '1975-07-15', '239-376-1591x007'),
	('Susan Williams', '2019-04-24', '1992-06-08', '532.949.3009'),
	('Melinda Rodriguez', '2018-04-25', '1996-07-06', '+1-397-269-3594'),
	('Kristen Coleman', '2021-02-03', '1998-06-15', '(983)923-2815'),
	('Jessica Aguilar', '2016-01-10', '1972-04-05', '673-270-6246x417'),
	('Karla Odom', '2017-08-26', '1994-08-21', '762.399.0682'),
	('Justin Webster PhD', '2021-07-22', '1988-01-16', '(697)533-1454x24410'),
	('Stacy Ramirez', '2017-11-20', '1996-02-20', '866.596.5496x455'),
	('Patricia Smith', '2019-12-16', '2005-10-22', '(643)728-3162'),
	('Justin May', '2020-04-05', '1989-10-21', '317.818.2059'),
	('Candice Farrell', '2019-12-25', '1999-02-19', '001-935-314-4697x99859'),
	('Jessica Mcmillan', '2021-09-04', '1977-08-05', '001-900-296-7899x674'),
	('Crystal Gamble', '2018-02-17', '2014-05-31', '(416)347-7633'),
	('Shannon Howell', '2022-05-08', '1998-04-06', '588.247.3569x6858'),
	('Michael Santiago', '2017-04-14', '2002-05-24', '(870)525-5306x931'),
	('Susan Gutierrez', '2018-01-15', '1978-06-12', '512-369-5214x1979'),
	('Hannah Payne', '2018-02-10', '2001-04-27', '992.943.4752'),
	('Juan Johnson', '2019-09-17', '1972-12-05', '001-901-966-2177x84342'),
	('Nancy Patel', '2016-06-22', '1976-05-16', '767-895-9758x1622'),
	('John Simmons', '2016-01-12', '1974-03-03', '925-767-0490'),
	('Robert Mays', '2016-04-08', '1992-07-22', '001-754-741-6405x3942'),
	('Kathleen Armstrong', '2021-04-10', '2004-02-01', '481-249-0375'),
	('Michael Henderson', '2018-08-05', '1978-05-12', '729.527.8624'),
	('Jonathan Donovan', '2022-05-23', '2005-10-11', '649.836.2311x28429'),
	('Lauren Curtis', '2022-12-02', '2012-11-29', '403-567-7295'),
	('Jennifer Schultz', '2020-02-24', '1990-09-26', '+1-414-469-7007x9538'),
	('Alexander Yang', '2019-12-03', '1997-01-08', '+1-853-502-1257x5634'),
	('Robin Saunders', '2022-08-08', '1994-09-06', '(540)845-5705x4127'),
	('James Adkins', '2017-11-22', '2006-07-20', '(785)477-1959x78794'),
	('Jessica King', '2017-03-09', '1998-12-06', '829.931.0635x098'),
	('John Thomas', '2017-08-07', '1972-12-03', '+1-254-343-3692x40331'),
	('Anna Morris', '2020-07-27', '2014-07-14', '425-333-4549'),
	('Krystal Maldonado', '2017-08-18', '1971-04-03', '957.746.5866'),
	('Mr. Kenneth Thomas', '2021-12-01', '2007-07-10', '(560)784-5535x681'),
	('Elizabeth Smith', '2022-04-16', '1979-07-31', '+1-445-296-3038x42390'),
	('Megan Mendez', '2019-06-13', '1972-02-08', '(254)799-1113x178'),
	('Stephanie Reyes', '2017-04-17', '1994-07-02', '(912)391-0132x869'),
	('Angela Cervantes', '2021-10-24', '2013-07-05', '(531)290-4064x831'),
	('Stacey Whitehead', '2020-11-02', '2004-02-02', '(653)376-7093'),
	('Stephanie Smith', '2022-08-26', '1995-04-21', '(863)273-7837'),
	('Kayla Riley', '2022-07-31', '2010-10-17', '001-201-226-1702x5067'),
	('Vanessa Thomas', '2019-02-25', '1979-11-06', '655-777-8404'),
	('Tony White', '2020-09-08', '2012-01-31', '6148535448'),
	('Angela Turner', '2020-10-20', '2006-08-25', '+1-251-248-7009'),
	('Ashley Moore', '2022-06-03', '2004-08-01', '+1-675-677-9637x7673'),
	('Herbert Valdez', '2016-11-01', '1987-07-01', '842-735-1389x766'),
	('Shane Nguyen', '2017-08-08', '2002-01-14', '753-763-5933x81990'),
	('Michelle Williams', '2019-10-11', '1988-02-09', '+1-641-215-6918x1099'),
	('Robert Davis', '2016-08-17', '1995-09-30', '3272336938'),
	('Jared Rodriguez', '2021-05-11', '1987-03-22', '+1-901-369-1373x551'),
	('John Gilbert', '2017-09-04', '1993-05-22', '914.871.2852'),
	('Brandon Robertson', '2021-09-15', '1983-08-09', '618-295-7288x130'),
	('Krista Pham', '2019-05-01', '2012-07-28', '406.802.8334x98117'),
	('Kenneth Ford', '2017-01-01', '2003-11-21', '(827)272-1777x79954'),
	('Phillip Sherman', '2017-09-15', '1970-04-22', '314-424-1925'),
	('Michelle Nelson', '2019-03-19', '1998-05-14', '255.545.5916x31989'),
	('Alison Le', '2017-10-23', '1974-07-28', '+1-677-305-5682x1695'),
	('James Carpenter', '2020-05-08', '1981-03-24', '793-545-8135'),
	('Sabrina Garcia', '2019-01-03', '1971-03-21', '894.390.3091x2861'),
	('James Wright', '2019-12-14', '1987-04-03', '+1-863-905-8732x12497'),
	('Kristen Davis', '2020-05-28', '2012-12-13', '(350)396-2046'),
	('Kristina Haynes', '2022-07-22', '2005-06-06', '001-212-451-0195x9978'),
	('Billy Washington', '2021-11-30', '1982-09-06', '440.734.2663x34551'),
	('Michelle Richard', '2020-05-30', '1972-03-06', '8463296119'),
	('Crystal Mora', '2019-04-30', '1974-03-31', '532.445.4103x586'),
	('Marissa Sullivan', '2022-12-29', '1972-07-19', '+1-961-945-2593x65483'),
	('Heather Campbell', '2022-01-12', '1996-02-12', '784.900.2268'),
	('Lisa Flores', '2016-09-10', '1991-11-02', '+1-679-378-8360x851'),
	('Sheri Brown', '2021-03-21', '1976-07-19', '2323120394'),
	('Justin Oliver', '2016-08-21', '1989-04-05', '001-202-709-6766x0041'),
	('Christopher Rhodes', '2022-04-06', '1998-04-05', '306-346-6008'),
	('Emily Sanders', '2020-06-03', '1974-03-17', '4119053002'),
	('Christopher Stewart', '2022-03-01', '1986-04-18', '001-611-395-8726x41083'),
	('Sean Baker', '2020-09-29', '1974-11-02', '955-634-6085'),
	('Natalie Lopez', '2018-01-21', '2011-10-02', '+1-705-836-2680x71711'),
	('Catherine Hoffman', '2022-06-13', '1987-06-30', '(727)464-9497'),
	('Chad Perez', '2019-10-30', '2013-01-15', '630-211-4187x6518'),
	('David Johnson', '2016-01-14', '1985-11-14', '707.614.6223'),
	('Marco Stone', '2020-07-12', '1973-03-17', '510-327-4874'),
	('Joel Thomas', '2016-08-01', '1978-08-21', '279-251-0011x711'),
	('Andrea Wells', '2022-10-30', '1984-05-04', '(876)589-3093x8000'),
	('Helen Santos', '2017-05-19', '2011-07-09', '(776)857-6130x984'),
	('Tiffany Gibson', '2022-04-21', '1992-11-01', '(963)359-8672x60780'),
	('Lindsay Gilbert', '2018-02-18', '1981-06-20', '745.913.4722x36343'),
	('April Kennedy', '2021-05-20', '1972-10-02', '001-490-469-7116'),
	('Rebecca Merritt', '2021-04-10', '1985-04-18', '(302)244-5355'),
	('Melissa Walsh', '2016-08-04', '1973-06-17', '(209)436-9914'),
	('Scott Brown', '2019-01-30', '2013-05-04', '5189945314'),
	('Logan Villegas', '2018-01-27', '1990-09-09', '524-851-3885x321'),
	('Angela Ford', '2020-04-09', '2007-07-17', '001-825-967-1349x1586'),
	('Brenda Parks', '2019-04-11', '1986-01-05', '397-605-4993'),
	('Catherine Beard', '2021-09-11', '1985-12-12', '001-480-423-3636x69831'),
	('Kevin Johnson', '2019-01-03', '2001-05-06', '(268)419-3059x194'),
	('Jennifer Herman', '2016-11-29', '2009-03-31', '536.345.0074x5562'),
	('Jacqueline Grant', '2019-06-17', '1974-03-09', '001-468-524-7529'),
	('Anne Cruz', '2019-03-05', '1990-11-22', '449-360-2126x770'),
	('Vanessa Perkins', '2019-07-09', '1997-07-09', '6222097100'),
	('Brandon Moon', '2021-07-21', '1983-12-14', '777.600.3555x35796'),
	('Margaret Morton', '2020-03-10', '1999-05-13', '464.422.9841'),
	('Lee Fisher', '2018-03-07', '2014-06-22', '921-707-9248x55661'),
	('Vanessa Dawson', '2019-12-02', '2006-10-28', '+1-701-405-6902x7931'),
	('Shawn Nixon', '2018-01-26', '1991-09-12', '001-694-560-1429x538'),
	('Rhonda Bailey', '2021-05-24', '1993-02-01', '001-950-530-8933x0594'),
	('Christina Duke', '2022-12-28', '1993-08-25', '+1-586-232-9925x6622'),
	('Yvette Cunningham', '2021-04-12', '1995-05-31', '(527)828-8772x899'),
	('Lisa Montgomery', '2020-04-19', '1978-04-08', '(990)534-2371x466'),
	('Nancy Bruce', '2017-07-05', '1977-07-26', '(480)662-5238x80622'),
	('Brent Clark', '2018-09-18', '1983-12-14', '792.467.9367x554'),
	('Brian Williamson', '2022-02-03', '1970-06-30', '531.233.4838x59069'),
	('Brent Wolfe', '2019-08-29', '1983-10-20', '578-698-3800'),
	('Matthew Rose', '2017-05-17', '1992-07-03', '(874)391-7179'),
	('Joel Miller', '2022-07-12', '1996-07-17', '(224)922-7813x33234'),
	('Juan Sullivan', '2017-09-24', '2011-06-06', '788-765-2423x495'),
	('Dana Austin', '2017-01-15', '2005-11-03', '(633)452-6811'),
	('Samuel Webb', '2021-02-20', '2004-08-21', '787-839-2819x5959'),
	('Michelle Smith', '2020-08-08', '1976-06-11', '+1-941-217-2106x17568'),
	('Andrew Lucero', '2022-12-16', '2002-01-27', '001-274-564-3124x9211'),
	('Joseph Lam', '2022-12-28', '1977-03-07', '+1-948-481-6740x19506'),
	('Ryan Thomas', '2021-09-01', '1973-05-05', '(858)552-5074x742'),
	('Tina Johnson', '2016-03-29', '1993-03-24', '850.331.4394'),
	('Janice Flores', '2018-03-06', '1979-07-01', '354-304-1982x519'),
	('Tina Mcdonald', '2019-05-24', '2012-09-04', '533.919.3542'),
	('Michael Marquez', '2020-05-17', '1979-10-02', '8127206116'),
	('Charles Johnston', '2020-03-10', '1995-10-26', '(870)235-2169'),
	('Leonard Diaz', '2021-02-05', '1995-07-21', '467-677-4404x0136'),
	('Michelle Wright', '2021-08-03', '2008-07-09', '001-594-640-4767x06150'),
	('Carmen Combs', '2018-02-07', '1985-02-23', '917-712-0630x50137'),
	('Anthony Schwartz', '2017-12-20', '2013-08-24', '966-805-1286x4638'),
	('Richard Bates', '2020-07-07', '1985-10-21', '790-369-2079x96396'),
	('Kenneth Bird', '2022-01-14', '2005-10-31', '457.516.1623x723'),
	('John Stewart', '2017-08-03', '2012-09-02', '+1-975-817-6637x2852'),
	('Candace Cline', '2017-02-28', '1976-10-03', '305-784-9826'),
	('Justin Chavez', '2020-06-03', '1980-07-15', '(983)259-8979'),
	('Thomas Evans', '2018-03-08', '1976-08-09', '+1-675-265-6096'),
	('Joe Ferguson', '2021-11-21', '1983-07-10', '3948601790'),
	('Marcus Richardson', '2018-10-19', '1985-11-07', '297-644-1889x61478'),
	('Austin Webster', '2018-10-10', '2001-09-15', '+1-891-319-5184x3453'),
	('John Hamilton', '2021-09-05', '2003-03-03', '(539)290-3024'),
	('Jessica Johnson', '2019-06-22', '1993-12-16', '+1-906-734-6462x086'),
	('James Phelps', '2016-11-04', '2007-08-21', '001-816-857-7206x314'),
	('Regina Lopez', '2021-10-01', '2012-04-06', '(471)921-2223x0638'),
	('Jordan Archer', '2021-07-18', '2000-01-20', '925-475-6995x20935'),
	('Samantha Meyer', '2018-06-12', '2010-11-07', '(541)804-7706x5117'),
	('Lisa Ross', '2019-05-21', '1987-03-05', '(832)304-0364x891'),
	('Rebecca Baker', '2018-02-23', '1973-03-13', '(464)748-1932'),
	('Kristin Morgan', '2020-10-02', '1972-01-23', '580.664.4889'),
	('Melanie Fox', '2017-06-23', '2003-12-13', '346-703-2830'),
	('Dr. David Bradley', '2016-06-28', '1998-06-08', '657.550.8867'),
	('Makayla Stafford', '2018-03-19', '2006-07-07', '6538429073'),
	('Savannah Wheeler', '2016-01-25', '1982-08-11', '+1-943-525-6608'),
	('James Neal', '2018-03-27', '1987-06-06', '(450)278-1297x401'),
	('Pamela Pollard', '2016-12-21', '1975-06-26', '5205065256'),
	('Bryan Jarvis', '2019-10-09', '2007-09-02', '828.696.4993x149'),
	('Dr. Savannah Melton', '2021-10-16', '2003-02-17', '888-717-6060'),
	('Brian Hernandez', '2018-12-22', '2002-05-17', '+1-476-276-6931x425'),
	('Nancy Barnes', '2018-04-04', '2003-05-20', '4013387597'),
	('Walter Wu', '2019-09-03', '2003-11-26', '(283)554-5970'),
	('Edwin Clayton', '2019-02-06', '1975-07-18', '605-498-1005'),
	('Lauren Christensen', '2019-02-23', '1999-03-24', '(409)383-2552x752'),
	('Mrs. Cassandra Mitchell', '2018-10-25', '2005-01-05', '(807)205-6092'),
	('Randy Beasley', '2018-01-18', '1974-04-29', '6182824179'),
	('Jennifer Garrett', '2018-08-09', '1980-11-23', '+1-832-229-9843x070'),
	('April Long MD', '2019-07-07', '1986-12-05', '521-668-9144'),
	('John Zavala', '2022-11-28', '2014-04-12', '(848)724-8044x804'),
	('Erica Miller', '2018-03-30', '1980-09-22', '+1-229-641-6505x7242'),
	('Christopher Fuller', '2018-08-30', '1970-02-13', '400-799-9958x32971'),
	('Samantha Adkins', '2018-07-17', '1975-08-11', '+1-856-257-7567x869'),
	('Barbara Booth', '2021-08-24', '1971-09-30', '526.504.7492x6510'),
	('Jessica Fox', '2020-10-01', '2000-11-22', '4686553061'),
	('Craig Jones', '2018-02-19', '1990-11-25', '001-732-297-7181x0190'),
	('Mrs. Alexandria Woods DVM', '2016-02-21', '2001-06-04', '470-838-7867x4508'),
	('Jared Lopez', '2019-11-09', '1970-08-10', '(771)711-1683'),
	('Mark Gentry', '2021-06-16', '1998-08-23', '+1-365-531-4072x4414'),
	('Kristen Reed', '2017-01-15', '2010-04-30', '(378)957-1433'),
	('Alyssa Mendoza', '2019-09-05', '1978-03-01', '790-302-1058x317'),
	('William Mcmahon', '2016-11-22', '1992-06-05', '467-814-9312x600'),
	('Michael Sims DVM', '2020-06-14', '2005-06-28', '(504)284-8959x9557'),
	('Michael Fuller', '2018-04-15', '2004-02-01', '(499)593-3773x87594'),
	('William Martinez', '2021-09-29', '2006-02-25', '242-479-0711'),
	('Kevin Chen', '2022-08-06', '2002-11-19', '789-440-9334x30115'),
	('Angela Nicholson', '2022-05-15', '1973-04-17', '974-291-1136'),
	('Morgan Parker', '2017-11-05', '2013-11-11', '001-577-389-5174x93377'),
	('Sandra Harding', '2017-06-10', '1990-01-03', '+1-968-359-9852x135'),
	('Veronica Foster', '2018-09-02', '2001-10-10', '285-211-9713x1097'),
	('Justin Walker', '2021-04-27', '1990-07-21', '001-588-545-6523'),
	('Marissa Villa', '2020-07-25', '2008-06-13', '(366)930-2829'),
	('Troy Woods', '2019-12-30', '1986-12-05', '680.295.9440'),
	('Gabriel Dennis', '2019-04-10', '2005-11-05', '(477)701-3976'),
	('Ryan Matthews', '2020-10-08', '1983-08-08', '408.854.5312'),
	('Mr. Joshua Frey', '2020-04-22', '1995-01-17', '868.232.4837'),
	('Catherine Gray', '2021-08-02', '2012-04-04', '4586429837'),
	('Jessica Moon', '2016-12-22', '2011-12-31', '001-315-426-6389x2088'),
	('Stephanie Green', '2016-09-21', '1984-04-15', '(903)651-4811x4970'),
	('Beverly Brandt', '2022-10-04', '1980-06-27', '972.966.9069x656'),
	('Jennifer Anderson', '2021-10-17', '2011-01-30', '(228)770-6849x7967'),
	('Ruth Jenkins', '2020-09-07', '1970-06-17', '001-600-882-1149'),
	('Sarah Hernandez', '2019-04-04', '2003-08-08', '664-956-6171'),
	('Wayne Evans', '2022-10-23', '2008-04-05', '(504)460-3255'),
	('Carol Robbins', '2018-11-13', '1973-08-19', '(773)258-1326'),
	('Stephen Smith', '2018-06-07', '1997-03-01', '001-730-628-3773x961'),
	('Todd Martin', '2018-08-11', '1988-03-14', '631-449-2630x20248'),
	('Miss Christina Jackson DDS', '2020-11-13', '2013-08-26', '001-246-226-9254'),
	('Jodi Acosta', '2018-07-19', '2004-03-03', '6207939854'),
	('Christopher Swanson', '2016-06-14', '1990-08-19', '740-796-0573'),
	('Lauren Simpson', '2019-04-13', '1996-12-03', '001-899-936-5738x8546'),
	('Mason Saunders', '2021-01-31', '1970-10-06', '505.730.1366'),
	('Sandra Hickman', '2018-11-17', '1987-06-30', '532-252-0972'),
	('Matthew Hicks', '2020-07-05', '2004-10-12', '+1-576-371-3220x957'),
	('Monica Williams', '2018-09-21', '2014-12-08', '605-685-4507x5101'),
	('Louis Barnes', '2020-03-10', '2002-05-04', '+1-388-433-7794x44837'),
	('Olivia Hebert', '2022-02-05', '1994-02-15', '(737)620-4611'),
	('Gina Blankenship', '2018-10-13', '1978-06-29', '472-481-7824x46607'),
	('Sherry Gentry', '2021-11-09', '1976-01-13', '(938)386-2910x788'),
	('Alyssa Reynolds', '2016-09-20', '1993-05-29', '(486)556-1865'),
	('Spencer Cruz', '2021-02-23', '1971-09-13', '241-924-1950x87457'),
	('Kelly Benton', '2016-06-08', '2012-04-21', '589.484.6440x0467'),
	('Danny Guerrero', '2022-07-01', '1976-07-22', '734.782.8234'),
	('David Perez', '2018-06-01', '1972-03-16', '409-567-3471x967'),
	('Cindy Taylor', '2016-03-14', '1981-08-24', '560-843-1397x32768'),
	('Maurice Long', '2022-12-15', '1991-07-21', '+1-824-310-9472'),
	('Kevin Morrison', '2022-06-19', '1996-02-03', '001-909-577-9713x359'),
	('Jason Williams', '2022-11-04', '1985-12-07', '001-607-727-5609x829'),
	('Whitney Ewing', '2020-03-18', '1974-09-27', '001-290-375-5634x6880'),
	('Walter Pacheco', '2020-08-22', '1989-04-23', '8527018325'),
	('Luis Garza', '2021-02-01', '1998-12-14', '001-876-410-0153x055'),
	('Laurie Jacobson', '2016-10-31', '1987-10-05', '(338)893-3077x0040'),
	('Jessica Cox', '2017-08-13', '2002-11-17', '+1-332-836-0971x35897'),
	('Tiffany Torres', '2021-12-31', '1997-04-13', '334.419.5542'),
	('Katherine Ellis', '2018-04-18', '1978-09-21', '416-403-1626'),
	('Stephanie Hunter', '2020-12-14', '1981-02-05', '517-920-0137x402'),
	('Kristi Rodriguez', '2021-03-11', '1991-10-10', '345-601-1485'),
	('Nicholas Hood MD', '2017-01-12', '1996-12-27', '352.563.2967x718'),
	('Leslie Fischer', '2017-10-15', '1970-12-16', '(602)629-9219x48551'),
	('Kevin Peters', '2018-10-01', '1985-04-01', '569-932-6984'),
	('Colleen Davis', '2016-09-17', '1993-12-18', '(471)359-3910'),
	('Jaime Wu', '2019-01-27', '2004-04-16', '960-291-0774x59691'),
	('Danielle Ellison', '2019-01-06', '1973-08-06', '(927)240-3788x607'),
	('Gloria Rios', '2021-03-19', '1998-09-23', '868-212-3134x56306'),
	('Troy Lynch', '2022-01-13', '1979-02-27', '+1-290-452-5404x2672'),
	('Troy Cruz', '2017-12-03', '1973-04-16', '001-411-432-7743x049'),
	('Brittany Gates', '2017-01-26', '2012-06-10', '+1-583-529-6961x17066'),
	('Jessica Sandoval', '2021-06-25', '1970-02-03', '001-924-380-0704'),
	('Robert Davenport', '2017-08-18', '1978-09-19', '828.811.0207'),
	('Michaela Walker', '2016-08-18', '2000-08-05', '(883)825-6183x2686'),
	('Nicholas Chan', '2017-01-26', '1981-12-16', '+1-497-841-2834x9353'),
	('Christina Long', '2019-11-16', '1994-08-20', '348.591.8403x308'),
	('Benjamin King', '2018-07-27', '2002-08-06', '(230)943-8520x86336'),
	('Brian Gibson', '2020-02-09', '1995-08-29', '(698)716-8315'),
	('Aaron Wood IV', '2017-04-04', '2013-01-29', '001-500-283-4229'),
	('Stephen Wright DDS', '2021-10-03', '2006-07-30', '696-223-1222'),
	('Deborah Green', '2016-05-11', '1985-02-17', '935.547.4880x85063'),
	('Scott Wilson', '2021-10-10', '2012-07-22', '(210)804-9846x55340'),
	('Lucas Patel', '2022-06-10', '1998-05-05', '(672)510-0938x22573'),
	('Brian Russell', '2022-04-09', '2004-12-13', '+1-526-200-0776x83832'),
	('Wayne Trujillo', '2017-08-27', '1996-06-22', '001-410-324-9403'),
	('Garrett Johnson', '2018-09-29', '1989-02-15', '426.988.8334x151'),
	('Bryce Lee', '2017-08-05', '2000-06-23', '001-877-998-1375x912'),
	('Christina Smith', '2017-04-25', '1989-12-29', '+1-307-456-9168'),
	('Deanna Morris', '2020-11-26', '1970-12-11', '(358)726-6959x0140'),
	('Olivia Meyer', '2018-11-12', '2009-07-26', '001-954-705-4622'),
	('Patrick Harrison PhD', '2020-12-21', '1996-04-23', '(517)473-3886'),
	('Michael Thornton', '2019-01-10', '1983-07-08', '507-372-7344x154'),
	('Joseph Myers', '2017-12-12', '2001-05-23', '001-823-978-1274x75192'),
	('Dawn Miller MD', '2017-08-12', '2009-04-18', '931.297.3604x920'),
	('Anthony French', '2021-07-26', '2005-09-04', '252.885.6222'),
	('Morgan Walton', '2019-01-20', '1989-04-13', '601.246.5415x59625'),
	('Elizabeth Edwards', '2022-12-26', '1971-01-24', '(632)553-0149x5795'),
	('Ian Sanchez', '2020-02-03', '1982-04-13', '001-996-503-6393x268'),
	('Phyllis Jackson', '2022-09-16', '1975-05-28', '214.840.6812x22870'),
	('Gary Williamson', '2020-08-11', '2009-04-08', '601.457.3114x40306'),
	('Ashley Sanchez', '2016-05-09', '1973-04-23', '823-852-2501x3823'),
	('Sarah Hall', '2018-05-07', '2008-03-11', '+1-732-339-1901x18351'),
	('Christie Reed', '2020-04-03', '1980-07-14', '965-742-0524'),
	('Kevin Owen', '2019-10-19', '1993-02-23', '477.854.0070x394'),
	('Angela Davidson', '2022-04-23', '1975-01-30', '+1-335-307-6207x5606'),
	('Jill Mendez', '2020-11-12', '2009-03-29', '001-345-396-4449'),
	('Nicholas Walker', '2019-05-20', '2006-10-15', '(713)254-0012'),
	('Kristen Gross', '2020-10-05', '2009-11-08', '001-655-856-1551'),
	('Shelia Parker', '2017-10-29', '1986-06-19', '8779948211'),
	('Andrew Sanchez', '2020-12-28', '1989-02-14', '4768733816'),
	('Joanna Simmons', '2022-04-21', '1990-05-15', '+1-709-486-1888'),
	('Sharon Jackson', '2021-01-20', '1984-11-24', '2864767456'),
	('Kristen Cunningham', '2022-02-16', '1980-05-04', '721-873-6488x948'),
	('Kara Cortez', '2021-05-18', '2006-12-02', '269.771.8660x189'),
	('Heather Morrison', '2017-04-14', '1997-11-18', '696-815-3773x023'),
	('Matthew Rojas', '2020-08-19', '1997-05-20', '001-555-296-7014x6843'),
	('Ronald Martinez', '2022-10-18', '1981-09-07', '+1-638-671-2163x224'),
	('Tracy Adams', '2021-05-03', '2011-03-23', '001-821-469-8444x5993'),
	('Jessica Cole', '2022-03-09', '2001-02-05', '992.206.4330'),
	('David Miller', '2021-02-28', '1986-10-14', '+1-283-655-0144x0082'),
	('Stephen Bailey', '2017-11-08', '1979-03-29', '868.381.0436x8829'),
	('Pamela Cameron', '2022-01-06', '2009-06-14', '277.553.6091'),
	('Michelle Villanueva', '2018-11-29', '2009-12-06', '202.518.9661x580'),
	('Brittany Harris', '2019-02-15', '1989-01-25', '907.724.4256x712'),
	('Edward Allen', '2018-02-10', '1975-05-23', '269-560-8891x02443'),
	('Matthew Molina', '2021-10-22', '2011-06-19', '001-587-345-7009x8743'),
	('Dr. Martha Merritt', '2019-09-21', '1989-06-25', '2908602206'),
	('Patrick Bauer', '2016-12-28', '2007-07-01', '9744975888'),
	('Rebecca Martinez', '2020-03-03', '1979-10-08', '(932)697-0017'),
	('Seth Palmer', '2016-04-09', '1988-01-01', '493.513.6930x545'),
	('Christopher Parker', '2016-10-06', '2000-06-05', '936-628-3293x2350'),
	('Tammy Smith', '2017-05-17', '2013-07-16', '+1-932-642-6284x6187'),
	('Anthony Williams', '2016-08-31', '1970-12-04', '001-499-283-1322'),
	('Charles Sullivan', '2018-01-25', '1971-06-21', '637.911.5844x9456'),
	('John Meyer', '2020-05-01', '1984-07-27', '001-211-744-4613'),
	('Danielle Richardson', '2020-08-28', '1983-03-08', '001-746-369-5554'),
	('Michelle Gonzalez', '2022-06-23', '1984-10-12', '+1-673-514-2346x7157'),
	('Kathryn Fisher', '2022-05-27', '1985-07-14', '953-643-1181x290'),
	('Corey Lynn', '2020-07-13', '1989-08-26', '951-887-8199'),
	('Breanna Brown', '2022-07-15', '2014-09-03', '450.643.0238'),
	('Shannon Higgins', '2020-10-04', '2009-06-02', '539-646-8128x950'),
	('Kayla George', '2018-04-01', '1977-01-23', '617-656-5463x6137'),
	('Timothy Evans', '2022-01-01', '1971-01-31', '(415)365-5346x483'),
	('Brandon Williams', '2022-02-01', '1971-12-14', '946.937.1602x362'),
	('Elizabeth Hall', '2019-03-17', '1983-01-30', '(597)945-1776'),
	('Ronnie Chung', '2021-08-11', '1975-06-07', '812-366-5911');
  
INSERT INTO Employee  (e_name,salary,contact,first_day_work)
	VALUES ('Richard Bailey', 6100, '9477398419', '2017-06-27') , 

	('Pamela Myers', 5215, '001-482-268-9697x071', '2019-10-10') , 

	('Anne Owen', 6439, '886.802.3299', '2017-06-21') , 

	('Anthony Poole', 5635, '9545630480', '2021-04-06') , 

	('Dwayne Erickson', 6699, '569-711-3326x16225', '2020-07-18') , 

	('David Martinez', 5301, '001-211-740-5575x9818', '2016-05-02') , 

	('Patrick Alvarez', 6245, '+1-772-893-7238', '2016-01-15') , 

	('John Shea', 5098, '(573)780-8431x760', '2016-06-04') , 

	('Alan Wilson', 6676, '+1-915-729-2946x52915', '2021-07-01') , 

	('Thomas Hernandez', 6137, '(677)746-9474', '2017-12-27') , 

	('Jacqueline Wright', 5825, '+1-355-735-4249x427', '2020-11-05') , 

	('Kevin Hawkins', 6216, '+1-828-337-1904x051', '2022-04-07') , 

	('Catherine Edwards', 5933, '737-822-8250x36516', '2022-09-27') , 

	('Ronald Keller', 5725, '591-241-1168', '2017-06-13') , 

	('Laura Smith', 6082, '(394)661-1664', '2017-09-19') , 

	('Christina Gomez', 6344, '675.551.6563', '2019-07-18') , 

	('Tina Ramirez', 6057, '294-755-0130x407', '2021-06-23') , 

	('Elijah Perez', 5785, '(785)874-8024x641', '2016-04-27') , 

	('Steven Gallegos', 5560, '001-425-208-4526', '2017-01-04') , 

	('Misty Mclaughlin', 6151, '001-902-676-5113x901', '2020-03-23') , 

	('Megan Carter', 6523, '(304)314-8259', '2018-03-05') , 

	('Angelica Mccullough', 5821, '001-648-340-6506x2465', '2019-01-19') , 

	('Kyle Smith', 5510, '838.712.9885', '2016-01-24') , 

	('Cynthia Garcia', 5271, '7033463065', '2019-10-28') , 

	('Carrie Herrera', 6059, '333.343.8704', '2018-11-13') , 

	('Cassidy Gonzales', 6108, '592.228.7449x09792', '2020-09-20') , 

	('Brett Torres', 6640, '870-482-4980x286', '2022-07-30') , 

	('Kristen Williams', 6254, '+1-298-516-3756', '2020-09-02') , 

	('Francisco Mueller', 3579, '2726761406', '2018-04-04') , 

	('Natalie Williams', 2107, '(837)913-2588x419', '2018-03-20') , 

	('Miguel Smith', 2814, '914.677.5015x104', '2022-10-12') , 

	('Kristin Wiley', 2106, '849-728-8184x173', '2022-12-10') , 

	('John King', 2757, '(230)315-5100', '2019-03-17') , 

	('Stephanie Weber', 3299, '9989539328', '2017-04-30') , 

	('Kara Carpenter', 3223, '573.981.1766', '2019-05-13') , 

	('Kaitlin Young MD', 3651, '293.277.4116x135', '2020-08-02') , 

	('Laura Reeves', 3993, '260.795.8210x6011', '2018-10-29') , 

	('Maria Wilson', 2777, '530.320.2640', '2022-08-15') , 

	('Dr. Whitney Malone', 3946, '001-709-431-1899x19126', '2022-08-19') , 

	('Jesus Colon', 2452, '(825)388-2063', '2016-11-17') , 

	('Allen Warren', 3064, '936-538-5244x631', '2018-09-07') , 

	('Maria Ramirez', 2072, '+1-575-638-9517', '2019-07-11') , 

	('Jacob Cohen', 2546, '(572)861-6653x00449', '2019-05-27') , 

	('Barbara Bell', 2876, '413.701.4409x43085', '2016-10-05') , 

	('Timothy Smith', 2477, '001-718-201-0397x814', '2017-03-18') , 

	('Natalie Perez', 2598, '+1-628-987-8044x696', '2016-10-29') , 

	('Susan Rodriguez', 2180, '9682175254', '2016-12-16') , 

	('Richard Howard', 3444, '+1-739-299-5068', '2017-07-09') , 

	('Joseph Patton', 2288, '298.451.0057', '2021-09-28') , 

	('Daniel Wilson', 3309, '732.571.2861', '2019-02-02') , 

	('Stacey Nguyen', 4193, '719-292-3773', '2016-06-16') , 

	('Kara Salinas', 5870, '410-479-2340x70377', '2020-03-06') , 

	('Michael Miller', 3302, '730.991.5260', '2017-11-05') , 

	('Darren Lee', 5576, '951-236-3172', '2016-01-13') , 

	('Douglas Powell', 4431, '5347096446', '2017-02-09') , 

	('David Mitchell', 5505, '377-695-2886', '2022-02-28') , 

	('Eugene Gonzalez', 4097, '001-858-965-8994x80105', '2019-09-22') , 

	('Mario Evans', 3278, '428-214-0616x7539', '2020-03-06') , 

	('Edward Pearson', 3827, '484.674.6622x1437', '2019-07-27') , 

	('Bruce Conway', 4479, '758.312.5295x17163', '2021-02-27') , 

	('Jennifer Mendoza', 5606, '(274)693-9809x62689', '2021-12-10') , 

	('Heidi Brown', 5872, '001-905-394-6320x626', '2018-05-01') , 

	('Antonio Stevens', 4364, '(765)687-2957x53166', '2020-11-30') , 

	('Evan Brown', 4099, '839-799-3735', '2019-11-09') , 

	('Joe Robinson', 3728, '001-508-773-9762x4436', '2021-02-25') , 

	('Mr. Kevin Carter', 5850, '001-633-756-9149x2498', '2018-05-19') , 

	('John Oneal', 3436, '(465)322-3529x5982', '2021-12-26') , 

	('Steven Richards', 4059, '206.421.4615', '2022-07-27') , 

	('Brian Richardson', 4579, '001-556-712-2523x69303', '2018-11-16') , 

	('Wanda Johnson', 5057, '+1-312-921-3731x33809', '2022-03-01') , 

	('Mrs. Erin Torres MD', 3251, '490.208.9559x4097', '2016-06-20') , 

	('Angela Ramirez', 3825, '4082002868', '2020-04-29') , 

	('Deborah Mosley', 3402, '001-406-481-6811', '2017-05-26') , 

	('Sabrina Logan', 5543, '(818)303-4130', '2017-01-20') , 

	('Benjamin Ellis', 5227, '563-783-4332x3150', '2021-06-30') , 

	('Sophia Allen', 5898, '(569)565-6019', '2020-07-30') , 

	('Kathleen Haney', 3178, '658.810.0068x623', '2022-06-15') , 

	('Luis Weaver', 5518, '(877)658-1823x4226', '2016-02-12') , 

	('Joshua Stokes', 3565, '7743776948', '2018-11-28') , 

	('Dana Brown', 3984, '877-604-9173', '2019-05-01') , 

	('Anthony Jenkins', 3270, '967.622.8917', '2020-09-20') , 

	('Alexandria Davis', 3636, '(963)490-7520x335', '2020-09-12') , 

	('Brandon Joyce', 4610, '001-391-745-2460x9903', '2022-07-23') , 

	('Krista Brown', 4179, '313.393.9324x15274', '2017-10-09') , 

	('William Hughes', 4073, '001-779-249-2766x05971', '2020-04-18') , 

	('Haley Hudson', 5086, '001-510-611-1216x0567', '2016-05-08') , 

	('Felicia Sullivan', 3272, '(735)584-5128x46633', '2022-09-05') , 

	('Edward Orozco', 5131, '216-543-1496x572', '2020-08-25') , 

	('Erin Hanson', 3222, '001-722-589-9712x216', '2019-04-11') , 

	('Joshua Berry', 3691, '975.953.4487x2893', '2016-01-04') , 

	('Lance Hanson', 5755, '+1-861-784-9897x43920', '2018-11-21') , 

	('Victor Boone', 4248, '+1-683-216-2178', '2019-06-16') , 

	('David Romero', 4898, '001-348-345-0467x4296', '2020-01-26') , 

	('Jennifer Yu', 5215, '001-227-438-8532x9529', '2017-09-15') , 

	('Michael White', 4647, '599.576.7951x22651', '2020-05-12') , 

	('Michelle Lawrence', 5183, '837.934.2651', '2016-12-12') , 

	('Elizabeth Hernandez', 4687, '634.723.1786', '2019-11-14') , 

	('Mr. Kenneth Ruiz', 3366, '001-483-463-0360x926', '2021-12-11') , 

	('John Stevenson', 5349, '001-224-383-5813x34841', '2022-01-06') , 

	('Robin Flores', 5384, '920.661.4166x409', '2019-10-28') ;

INSERT INTO Membership (`number_person_involved`,`duration`) 

	VALUES (5, 3) , 

	(2, 2) , 

	(5, 15) , 

	(4, 24) , 

	(2, 17) , 

	(2, 4) , 

	(4, 4) , 

	(5, 12) , 

	(2, 2) , 

	(5, 12) , 

	(2, 3) , 

	(3, 17) , 

	(5, 3) , 

	(3, 9) , 

	(5, 23) , 

	(5, 9) , 

	(5, 13) , 

	(3, 15) , 

	(4, 12) , 

	(2, 4) , 

	(4, 21) , 

	(5, 21) , 

	(3, 23) , 

	(4, 1) , 

	(3, 22) , 

	(1, 16) , 

	(5, 15) , 

	(3, 24) , 

	(5, 12) , 

	(1, 19) , 

	(2, 5) , 

	(1, 6) , 

	(2, 7) , 

	(2, 16) , 

	(4, 5) , 

	(2, 3) , 

	(2, 16) , 

	(3, 3) , 

	(5, 17) , 

	(2, 11) , 

	(3, 2) , 

	(2, 7) , 

	(3, 12) , 

	(2, 15) , 

	(5, 18) , 

	(5, 17) , 

	(3, 23) , 

	(4, 1) , 

	(1, 6) , 

	(3, 9) , 

	(4, 12) , 

	(4, 7) , 

	(5, 7) , 

	(3, 11) , 

	(2, 20) , 

	(5, 7) , 

	(4, 10) , 

	(5, 16) , 

	(1, 13) , 

	(1, 16) , 

	(2, 19) , 

	(5, 6) , 

	(5, 7) , 

	(5, 2) , 

	(5, 24) , 

	(3, 22) , 

	(3, 18) , 

	(4, 6) , 

	(3, 12) , 

	(3, 17) , 

	(4, 7) , 

	(2, 20) , 

	(2, 17) , 

	(3, 18) , 

	(3, 5) , 

	(1, 17) , 

	(1, 24) , 

	(2, 16) , 

	(3, 18) , 

	(4, 24) , 

	(4, 21) , 

	(5, 23) , 

	(2, 10) , 

	(1, 21) , 

	(4, 22) , 

	(3, 13) , 

	(3, 22) , 

	(5, 13) , 

	(2, 23) , 

	(1, 24) , 

	(3, 12) , 

	(3, 10) , 

	(2, 7) , 

	(5, 10) , 

	(3, 16) , 

	(3, 13) , 

	(4, 16) , 

	(1, 22) , 

	(4, 4) , 

	(3, 21) , 

	(2, 24) , 

	(5, 15) , 

	(5, 8) , 

	(2, 19) , 

	(5, 10) , 

	(1, 11) , 

	(1, 16) , 

	(4, 4) , 

	(2, 13) , 

	(2, 21) , 

	(5, 24) , 

	(2, 14) , 

	(1, 12) , 

	(1, 12) , 

	(3, 2) , 

	(5, 17) , 

	(4, 19) , 

	(4, 8) , 

	(5, 21) , 

	(5, 12) , 

	(3, 12) , 

	(3, 17) , 

	(2, 24) , 

	(4, 15) , 

	(3, 19) ;

INSERT INTO Space (`state_of_space`,`last_check_date`,`capacity`) 

	VALUES  (95, '2023-10-16', 57) , 

	(82, '2023-11-12', 19) , 

	(85, '2023-11-19', 68) , 

	(93, '2023-08-12', 64) , 

	(78, '2023-10-28', 47) , 

	(79, '2023-12-02', 10) , 

	(81, '2023-10-06', 74) , 

	(82, '2023-10-28', 69) , 

	(78, '2023-08-24', 45) , 

	(70, '2023-10-04', 54) , 

	(83, '2023-12-02', 77) , 

	(98, '2023-08-29', 53) , 

	(98, '2023-08-31', 15) , 

	(84, '2023-10-20', 50) , 

	(74, '2023-11-25', 29) , 

	(87, '2023-11-26', 20) , 

	(98, '2023-09-18', 69) , 

	(92, '2023-09-13', 100) , 

	(84, '2023-08-22', 47) , 

	(76, '2023-09-09', 19) , 

	(87, '2023-11-28', 43) , 

	(90, '2023-11-17', 20) , 

	(89, '2023-10-12', 89) , 

	(81, '2023-10-15', 75) , 

	(90, '2023-11-22', 76) , 

	(72, '2023-11-05', 17) , 

	(70, '2023-08-08', 78) , 

	(83, '2023-11-10', 81) , 

	(94, '2023-11-13', 32) , 

	(95, '2023-08-26', 22) , 

	(93, '2023-08-08', 68) , 

	(74, '2023-11-16', 53) , 

	(98, '2023-11-27', 54) , 

	(73, '2023-11-23', 99) , 

	(87, '2023-09-06', 86) , 

	(93, '2023-11-18', 17) , 

	(92, '2023-09-24', 18) , 

	(94, '2023-08-09', 22) , 

	(90, '2023-10-02', 78) , 

	(100, '2023-10-14', 15) , 

	(72, '2023-08-18', 80) , 

	(83, '2023-12-03', 94) , 

	(92, '2023-08-02', 23) , 

	(98, '2023-12-01', 57) , 

	(96, '2023-09-11', 71) , 

	(72, '2023-09-05', 13) , 

	(74, '2023-11-14', 23) , 

	(87, '2023-08-15', 89) , 

	(94, '2023-12-04', 84) , 

	(72, '2023-08-18', 84) , 

	(86, '2023-10-31', 13) , 

	(99, '2023-09-29', 28) , 

	(91, '2023-12-04', 67) , 

	(76, '2023-09-26', 57) , 

	(86, '2023-08-07', 49) , 

	(86, '2023-08-21', 43) , 

	(93, '2023-09-18', 77) , 

	(82, '2023-09-20', 84) , 

	(79, '2023-09-06', 11) , 

	(73, '2023-11-09', 88) , 

	(94, '2023-08-30', 83) , 

	(94, '2023-11-07', 29) , 

	(86, '2023-08-20', 94) , 

	(99, '2023-11-26', 65) , 

	(75, '2023-09-14', 56) , 

	(87, '2023-11-06', 74) , 

	(74, '2023-08-30', 18) , 

	(89, '2023-08-08', 100) , 

	(96, '2023-09-28', 29) , 

	(94, '2023-08-05', 58) , 

	(100, '2023-11-21', 20) , 

	(88, '2023-08-23', 40) , 

	(81, '2023-12-03', 60) , 

	(80, '2023-08-26', 47) , 

	(98, '2023-12-03', 95) , 

	(88, '2023-09-05', 10) , 

	(83, '2023-08-15', 78) , 

	(97, '2023-08-14', 54) , 

	(83, '2023-08-11', 63) , 

	(96, '2023-11-06', 37) , 

	(74, '2023-11-14', 36) , 

	(77, '2023-11-11', 13) , 

	(77, '2023-08-02', 55) , 

	(88, '2023-10-27', 63) , 

	(97, '2023-08-23', 88) , 

	(74, '2023-09-02', 56) , 

	(94, '2023-11-22', 80) , 

	(96, '2023-11-16', 80) , 

	(71, '2023-10-22', 28) , 

	(82, '2023-09-11', 74) , 

	(81, '2023-11-20', 23) , 

	(97, '2023-09-23', 82) , 

	(87, '2023-10-31', 20) , 

	(76, '2023-09-19', 15) , 

	(79, '2023-10-31', 78) , 

	(99, '2023-10-27', 98) , 

	(76, '2023-10-08', 76) , 

	(76, '2023-09-12', 90) , 

	(100, '2023-10-19', 100) , 

	(95, '2023-11-27', 91) ;

INSERT INTO office (`space_id`,`number_staff`,`office_start_time`,`office_end_time`) 

	VALUES 

	(1, 4, '11:15:00', '18:15:00') , 

	(2, 5, '08:45:00', '15:00:00') , 

	(3, 3, '08:00:00', '18:30:00') , 

	(4, 1, '09:45:00', '20:30:00') , 

	(5, 2, '09:45:00', '16:00:00') , 

	(6, 5, '08:00:00', '16:30:00') , 

	(7, 1, '12:15:00', '18:15:00') , 

	(8, 3, '08:45:00', '20:30:00') , 

	(9, 2, '08:00:00', '17:45:00') , 

	(10, 2, '08:45:00', '16:15:00'); 

INSERT INTO training_space values

	(11), 

	(12), 

	(13), 

	(14), 

	(15), 

	(16), 

	(17), 

	(18), 

	(19), 

	(20), 

	(21), 

	(22), 

	(23), 

	(24), 

	(25), 

	(26), 

	(27), 

	(28), 

	(29), 

	(30), 

	(31), 

	(32), 

	(33), 

	(34), 

	(35), 

	(36), 

	(37), 

	(38), 

	(39), 

	(40), 

	(41), 

	(42), 

	(43), 

	(44), 

	(45), 

	(46), 

	(47), 

	(48), 

	(49), 

	(50) ;

INSERT INTO lounge values 

	(51), 

	(52), 

	(53), 

	(54), 

	(55), 

	(56), 

	(57), 

	(58), 

	(59), 

	(60) ;

INSERT INTO pricefounder values
	(0, NULL) , 

	(1, 200) , 

	(2, 200) , 

	(3, 200) , 

	(4, 200) , 

	(5, 200) , 

	(6, 150) , 

	(7, 150) , 

	(8, 150) , 

	(9, 150) , 

	(10, 150) , 

	(11, 100) , 

	(12, 100) , 

	(13, 100) , 

	(14, 100) , 

	(15, 100) ; 

INSERT INTO locker_room(space_id,total_rentable_lockers,lockers_available_for_rent)
	values
	(61, 8, 3) , 

	(62, 8, 3) , 

	(63, 7, 0) , 

	(64, 12, 11) , 

	(65, 12, 11) , 

	(66, 12, 10) , 

	(67, 10, 6) , 

	(68, 15, 12) , 

	(69, 10, 8) , 

	(70, 10, 1) , 

	(71, 9, 8) , 

	(72, 15, 7) , 

	(73, 13, 11) , 

	(74, 10, 3) , 

	(75, 7, 3) , 

	(76, 5, 0) , 

	(77, 10, 3) , 

	(78, 13, 10) , 

	(79, 12, 6) , 

	(80, 8, 0) , 

	(81, 15, 14) , 

	(82, 6, 2) , 

	(83, 13, 5) , 

	(84, 6, 6) , 

	(85, 14, 3) , 

	(86, 12, 4) , 

	(87, 7, 7) , 

	(88, 7, 5) , 

	(89, 15, 14) , 

	(90, 6, 5) , 

	(91, 5, 1) , 

	(92, 14, 8) , 

	(93, 12, 1) , 

	(94, 9, 4) , 

	(95, 9, 0) , 

	(96, 5, 3) , 

	(97, 11, 3) , 

	(98, 15, 7) , 

	(99, 8, 1) , 

	(100, 13, 5) ;

INSERT INTO technician values 

	(29), 

	(30), 

	(31), 

	(32), 

	(33), 

	(34), 

	(35), 

	(36), 

	(37), 

	(38), 

	(39), 

	(40), 

	(41), 

	(42), 

	(43), 

	(44), 

	(45), 

	(46), 

	(47), 

	(48), 

	(49), 

	(50); 

INSERT INTO trainer values 

	(51), 

	(52), 

	(53), 

	(54), 

	(55), 

	(56), 

	(57), 

	(58), 

	(59), 

	(60), 

	(61), 

	(62), 

	(63), 

	(64), 

	(65), 

	(66), 

	(67), 

	(68), 

	(69), 

	(70), 

	(71), 

	(72), 

	(73), 

	(74), 

	(75), 

	(76), 

	(77), 

	(78), 

	(79), 

	(80), 

	(81), 

	(82), 

	(83), 

	(84), 

	(85), 

	(86), 
	(87), 
	(88), 
	(89), 
	(90), 
	(91), 
	(92), 
	(93), 
	(94), 
	(95), 
	(96), 
	(97), 
	(98), 
	(99), 
	(100); 

INSERT INTO subscribed (payment_id,customer_id, type_of_payment, date_of_payment,membership_id)  

	VALUES 

	(1, 1, 'check', '2023-06-30', 1) , 

	(1, 2, 'check', '2023-06-30', 1) , 

	(1, 3, 'check', '2023-06-30', 1) , 

	(1, 4, 'check', '2023-06-30', 1) , 

	(1, 5, 'check', '2023-06-30', 1) , 

	(2, 6, 'check', '2019-09-20', 2) , 

	(2, 7, 'check', '2019-09-20', 2) , 

	(3, 8, 'cash', '2019-12-08', 3) , 

	(3, 9, 'cash', '2019-12-08', 3) , 

	(3, 10, 'cash', '2019-12-08', 3) , 

	(3, 11, 'cash', '2019-12-08', 3) , 

	(3, 12, 'cash', '2019-12-08', 3) , 

	(4, 13, 'debit card', '2023-04-28', 4) , 

	(4, 14, 'debit card', '2023-04-28', 4) , 

	(4, 15, 'debit card', '2023-04-28', 4) , 

	(4, 16, 'debit card', '2023-04-28', 4) , 

	(5, 17, 'check', '2019-02-17', 5) , 

	(5, 18, 'check', '2019-02-17', 5) , 

	(6, 19, 'cash', '2021-07-02', 6) , 

	(6, 20, 'cash', '2021-07-02', 6) , 

	(7, 21, 'cash', '2023-09-07', 7) , 

	(7, 22, 'cash', '2023-09-07', 7) , 

	(7, 23, 'cash', '2023-09-07', 7) , 

	(7, 24, 'cash', '2023-09-07', 7) , 

	(8, 25, 'check', '2021-03-26', 8) , 

	(8, 26, 'check', '2021-03-26', 8) , 

	(8, 27, 'check', '2021-03-26', 8) , 

	(8, 28, 'check', '2021-03-26', 8) , 

	(8, 29, 'check', '2021-03-26', 8) , 

	(9, 30, 'cash', '2022-11-09', 9) , 

	(9, 31, 'cash', '2022-11-09', 9) , 

	(10, 32, 'cash', '2021-07-07', 10) , 

	(10, 33, 'cash', '2021-07-07', 10) , 

	(10, 34, 'cash', '2021-07-07', 10) , 

	(10, 35, 'cash', '2021-07-07', 10) , 

	(10, 36, 'cash', '2021-07-07', 10) , 

	(11, 37, 'credit card', '2021-03-08', 11) , 

	(11, 38, 'credit card', '2021-03-08', 11) , 

	(12, 39, 'cash', '2020-07-31', 12) , 

	(12, 40, 'cash', '2020-07-31', 12) , 

	(12, 41, 'cash', '2020-07-31', 12) , 

	(13, 42, 'debit card', '2018-12-27', 13) , 

	(13, 43, 'debit card', '2018-12-27', 13) , 

	(13, 44, 'debit card', '2018-12-27', 13) , 

	(13, 45, 'debit card', '2018-12-27', 13) , 

	(13, 46, 'debit card', '2018-12-27', 13) , 

	(14, 47, 'cash', '2022-04-24', 14) , 

	(14, 48, 'cash', '2022-04-24', 14) , 

	(14, 49, 'cash', '2022-04-24', 14) , 

	(15, 50, 'credit card', '2021-12-11', 15) , 

	(15, 51, 'credit card', '2021-12-11', 15) , 

	(15, 52, 'credit card', '2021-12-11', 15) , 

	(15, 53, 'credit card', '2021-12-11', 15) , 

	(15, 54, 'credit card', '2021-12-11', 15) , 

	(16, 55, 'cash', '2021-03-13', 16) , 

	(16, 56, 'cash', '2021-03-13', 16) , 

	(16, 57, 'cash', '2021-03-13', 16) , 

	(16, 58, 'cash', '2021-03-13', 16) , 

	(16, 59, 'cash', '2021-03-13', 16) , 

	(17, 60, 'cash', '2023-10-03', 17) , 

	(17, 61, 'cash', '2023-10-03', 17) , 

	(17, 62, 'cash', '2023-10-03', 17) , 

	(17, 63, 'cash', '2023-10-03', 17) , 

	(17, 64, 'cash', '2023-10-03', 17) , 

	(18, 65, 'credit card', '2019-05-14', 18) , 

	(18, 66, 'credit card', '2019-05-14', 18) , 

	(18, 67, 'credit card', '2019-05-14', 18) , 

	(19, 68, 'cash', '2021-04-20', 19) , 

	(19, 69, 'cash', '2021-04-20', 19) , 

	(19, 70, 'cash', '2021-04-20', 19) , 

	(19, 71, 'cash', '2021-04-20', 19) , 

	(20, 72, 'cash', '2021-11-23', 20) , 

	(20, 73, 'cash', '2021-11-23', 20) , 

	(21, 74, 'debit card', '2022-12-21', 21) , 

	(21, 75, 'debit card', '2022-12-21', 21) , 

	(21, 76, 'debit card', '2022-12-21', 21) , 

	(21, 77, 'debit card', '2022-12-21', 21) , 

	(22, 78, 'debit card', '2021-05-28', 22) , 

	(22, 79, 'debit card', '2021-05-28', 22) , 

	(22, 80, 'debit card', '2021-05-28', 22) , 

	(22, 81, 'debit card', '2021-05-28', 22) , 

	(22, 82, 'debit card', '2021-05-28', 22) , 

	(23, 83, 'debit card', '2018-10-27', 23) , 

	(23, 84, 'debit card', '2018-10-27', 23) , 

	(23, 85, 'debit card', '2018-10-27', 23) , 

	(24, 86, 'cash', '2021-05-30', 24) , 

	(24, 87, 'cash', '2021-05-30', 24) , 

	(24, 88, 'cash', '2021-05-30', 24) , 

	(24, 89, 'cash', '2021-05-30', 24) , 

	(25, 90, 'debit card', '2018-09-29', 25) , 

	(25, 91, 'debit card', '2018-09-29', 25) , 

	(25, 92, 'debit card', '2018-09-29', 25) , 

	(26, 93, 'check', '2023-02-01', 26) , 

	(27, 94, 'credit card', '2019-10-31', 27) , 

	(27, 95, 'credit card', '2019-10-31', 27) , 

	(27, 96, 'credit card', '2019-10-31', 27) , 

	(27, 97, 'credit card', '2019-10-31', 27) , 

	(27, 98, 'credit card', '2019-10-31', 27) , 

	(28, 99, 'credit card', '2023-10-07', 28) , 

	(28, 100, 'credit card', '2023-10-07', 28) , 

	(28, 101, 'credit card', '2023-10-07', 28) , 

	(29, 102, 'cash', '2022-01-11', 29) , 

	(29, 103, 'cash', '2022-01-11', 29) , 

	(29, 104, 'cash', '2022-01-11', 29) , 

	(29, 105, 'cash', '2022-01-11', 29) , 

	(29, 106, 'cash', '2022-01-11', 29) , 

	(30, 107, 'credit card', '2023-08-31', 30) , 

	(31, 108, 'credit card', '2020-09-25', 31) , 

	(31, 109, 'credit card', '2020-09-25', 31) , 

	(32, 110, 'credit card', '2022-08-06', 32) , 

	(33, 111, 'cash', '2019-11-12', 33) , 

	(33, 112, 'cash', '2019-11-12', 33) , 

	(34, 113, 'cash', '2021-10-07', 34) , 

	(34, 114, 'cash', '2021-10-07', 34) , 

	(35, 115, 'debit card', '2023-08-04', 35) , 

	(35, 116, 'debit card', '2023-08-04', 35) , 

	(35, 117, 'debit card', '2023-08-04', 35) , 

	(35, 118, 'debit card', '2023-08-04', 35) , 

	(36, 119, 'cash', '2018-11-26', 36) , 

	(36, 120, 'cash', '2018-11-26', 36) , 

	(37, 121, 'debit card', '2020-05-18', 37) , 

	(37, 122, 'debit card', '2020-05-18', 37) , 

	(38, 123, 'debit card', '2023-05-31', 38) , 

	(38, 124, 'debit card', '2023-05-31', 38) , 

	(38, 125, 'debit card', '2023-05-31', 38) , 

	(39, 126, 'debit card', '2021-05-18', 39) , 

	(39, 127, 'debit card', '2021-05-18', 39) , 

	(39, 128, 'debit card', '2021-05-18', 39) , 

	(39, 129, 'debit card', '2021-05-18', 39) , 

	(39, 130, 'debit card', '2021-05-18', 39) , 

	(40, 131, 'cash', '2022-11-03', 40) , 

	(40, 132, 'cash', '2022-11-03', 40) , 

	(41, 133, 'credit card', '2022-04-24', 41) , 

	(41, 134, 'credit card', '2022-04-24', 41) , 

	(41, 135, 'credit card', '2022-04-24', 41) , 

	(42, 136, 'credit card', '2021-04-26', 42) , 

	(42, 137, 'credit card', '2021-04-26', 42) , 

	(43, 138, 'cash', '2020-09-15', 43) , 

	(43, 139, 'cash', '2020-09-15', 43) , 

	(43, 140, 'cash', '2020-09-15', 43) , 

	(44, 141, 'credit card', '2020-06-27', 44) , 

	(44, 142, 'credit card', '2020-06-27', 44) , 

	(45, 143, 'debit card', '2021-07-10', 45) , 

	(45, 144, 'debit card', '2021-07-10', 45) , 

	(45, 145, 'debit card', '2021-07-10', 45) , 

	(45, 146, 'debit card', '2021-07-10', 45) , 

	(45, 147, 'debit card', '2021-07-10', 45) , 

	(46, 148, 'debit card', '2020-05-29', 46) , 

	(46, 149, 'debit card', '2020-05-29', 46) , 

	(46, 150, 'debit card', '2020-05-29', 46) , 

	(46, 151, 'debit card', '2020-05-29', 46) , 

	(46, 152, 'debit card', '2020-05-29', 46) , 

	(47, 153, 'check', '2021-08-18', 47) , 

	(47, 154, 'check', '2021-08-18', 47) , 

	(47, 155, 'check', '2021-08-18', 47) , 

	(48, 156, 'cash', '2021-07-14', 48) , 

	(48, 157, 'cash', '2021-07-14', 48) , 

	(48, 158, 'cash', '2021-07-14', 48) , 

	(48, 159, 'cash', '2021-07-14', 48) , 

	(49, 160, 'debit card', '2023-09-27', 49) , 

	(50, 161, 'cash', '2020-08-21', 50) , 

	(50, 162, 'cash', '2020-08-21', 50) , 

	(50, 163, 'cash', '2020-08-21', 50) , 

	(51, 164, 'debit card', '2019-01-24', 51) , 

	(51, 165, 'debit card', '2019-01-24', 51) , 

	(51, 166, 'debit card', '2019-01-24', 51) , 

	(51, 167, 'debit card', '2019-01-24', 51) , 

	(52, 168, 'check', '2019-07-24', 52) , 

	(52, 169, 'check', '2019-07-24', 52) , 

	(52, 170, 'check', '2019-07-24', 52) , 

	(52, 171, 'check', '2019-07-24', 52) , 

	(53, 172, 'check', '2020-02-14', 53) , 

	(53, 173, 'check', '2020-02-14', 53) , 

	(53, 174, 'check', '2020-02-14', 53) , 

	(53, 175, 'check', '2020-02-14', 53) , 

	(53, 176, 'check', '2020-02-14', 53) , 

	(54, 177, 'debit card', '2018-11-20', 54) , 

	(54, 178, 'debit card', '2018-11-20', 54) , 

	(54, 179, 'debit card', '2018-11-20', 54) , 

	(55, 180, 'check', '2019-10-05', 55) , 

	(55, 181, 'check', '2019-10-05', 55) , 

	(56, 182, 'check', '2021-08-05', 56) , 

	(56, 183, 'check', '2021-08-05', 56) , 

	(56, 184, 'check', '2021-08-05', 56) , 

	(56, 185, 'check', '2021-08-05', 56) , 

	(56, 186, 'check', '2021-08-05', 56) , 

	(57, 187, 'credit card', '2021-01-11', 57) , 

	(57, 188, 'credit card', '2021-01-11', 57) , 

	(57, 189, 'credit card', '2021-01-11', 57) , 

	(57, 190, 'credit card', '2021-01-11', 57) , 

	(58, 191, 'debit card', '2022-03-26', 58) , 

	(58, 192, 'debit card', '2022-03-26', 58) , 

	(58, 193, 'debit card', '2022-03-26', 58) , 

	(58, 194, 'debit card', '2022-03-26', 58) , 

	(58, 195, 'debit card', '2022-03-26', 58) , 

	(59, 196, 'cash', '2021-07-21', 59) , 

	(60, 197, 'debit card', '2018-09-05', 60) , 

	(61, 198, 'cash', '2019-11-30', 61) , 

	(61, 199, 'cash', '2019-11-30', 61) , 

	(62, 200, 'debit card', '2023-10-04', 62) , 

	(62, 201, 'debit card', '2023-10-04', 62) , 

	(62, 202, 'debit card', '2023-10-04', 62) , 

	(62, 203, 'debit card', '2023-10-04', 62) , 

	(62, 204, 'debit card', '2023-10-04', 62) , 

	(63, 205, 'debit card', '2022-12-26', 63) , 

	(63, 206, 'debit card', '2022-12-26', 63) , 

	(63, 207, 'debit card', '2022-12-26', 63) , 

	(63, 208, 'debit card', '2022-12-26', 63) , 

	(63, 209, 'debit card', '2022-12-26', 63) , 

	(64, 210, 'debit card', '2023-02-23', 64) , 

	(64, 211, 'debit card', '2023-02-23', 64) , 

	(64, 212, 'debit card', '2023-02-23', 64) , 

	(64, 213, 'debit card', '2023-02-23', 64) , 

	(64, 214, 'debit card', '2023-02-23', 64) , 

	(65, 215, 'check', '2020-06-19', 65) , 

	(65, 216, 'check', '2020-06-19', 65) , 

	(65, 217, 'check', '2020-06-19', 65) , 

	(65, 218, 'check', '2020-06-19', 65) , 

	(65, 219, 'check', '2020-06-19', 65) , 

	(66, 220, 'check', '2023-09-12', 66) , 

	(66, 221, 'check', '2023-09-12', 66) , 

	(66, 222, 'check', '2023-09-12', 66) , 

	(67, 223, 'check', '2019-01-22', 67) , 

	(67, 224, 'check', '2019-01-22', 67) , 

	(67, 225, 'check', '2019-01-22', 67) , 

	(68, 226, 'debit card', '2022-09-25', 68) , 

	(68, 227, 'debit card', '2022-09-25', 68) , 

	(68, 228, 'debit card', '2022-09-25', 68) , 

	(68, 229, 'debit card', '2022-09-25', 68) , 

	(69, 230, 'credit card', '2021-02-19', 69) , 

	(69, 231, 'credit card', '2021-02-19', 69) , 

	(69, 232, 'credit card', '2021-02-19', 69) , 

	(70, 233, 'debit card', '2018-09-15', 70) , 

	(70, 234, 'debit card', '2018-09-15', 70) , 

	(70, 235, 'debit card', '2018-09-15', 70) , 

	(71, 236, 'credit card', '2020-09-17', 71) , 

	(71, 237, 'credit card', '2020-09-17', 71) , 

	(71, 238, 'credit card', '2020-09-17', 71) , 

	(71, 239, 'credit card', '2020-09-17', 71) , 

	(72, 240, 'check', '2018-09-08', 72) , 

	(72, 241, 'check', '2018-09-08', 72) , 

	(73, 242, 'credit card', '2023-01-09', 73) , 

	(73, 243, 'credit card', '2023-01-09', 73) , 

	(74, 244, 'credit card', '2022-10-28', 74) , 

	(74, 245, 'credit card', '2022-10-28', 74) , 

	(74, 246, 'credit card', '2022-10-28', 74) , 

	(75, 247, 'cash', '2023-01-15', 75) , 

	(75, 248, 'cash', '2023-01-15', 75) , 

	(75, 249, 'cash', '2023-01-15', 75) , 

	(76, 250, 'check', '2021-02-04', 76) , 

	(77, 251, 'cash', '2019-07-09', 77) , 

	(78, 252, 'check', '2021-10-13', 78) , 

	(78, 253, 'check', '2021-10-13', 78) , 

	(79, 254, 'check', '2020-07-21', 79) , 

	(79, 255, 'check', '2020-07-21', 79) , 

	(79, 256, 'check', '2020-07-21', 79) , 

	(80, 257, 'credit card', '2022-03-09', 80) , 

	(80, 258, 'credit card', '2022-03-09', 80) , 

	(80, 259, 'credit card', '2022-03-09', 80) , 

	(80, 260, 'credit card', '2022-03-09', 80) , 

	(81, 261, 'credit card', '2022-07-05', 81) , 

	(81, 262, 'credit card', '2022-07-05', 81) , 

	(81, 263, 'credit card', '2022-07-05', 81) , 

	(81, 264, 'credit card', '2022-07-05', 81) , 

	(82, 265, 'check', '2021-06-27', 82) , 

	(82, 266, 'check', '2021-06-27', 82) , 

	(82, 267, 'check', '2021-06-27', 82) , 

	(82, 268, 'check', '2021-06-27', 82) , 

	(82, 269, 'check', '2021-06-27', 82) , 

	(83, 270, 'debit card', '2022-02-15', 83) , 

	(83, 271, 'debit card', '2022-02-15', 83) , 

	(84, 272, 'cash', '2021-05-29', 84) , 

	(85, 273, 'cash', '2019-04-12', 85) , 

	(85, 274, 'cash', '2019-04-12', 85) , 

	(85, 275, 'cash', '2019-04-12', 85) , 

	(85, 276, 'cash', '2019-04-12', 85) , 

	(86, 277, 'debit card', '2023-07-29', 86) , 

	(86, 278, 'debit card', '2023-07-29', 86) , 

	(86, 279, 'debit card', '2023-07-29', 86) , 

	(87, 280, 'debit card', '2023-04-08', 87) , 

	(87, 281, 'debit card', '2023-04-08', 87) , 

	(87, 282, 'debit card', '2023-04-08', 87) , 

	(88, 283, 'credit card', '2020-01-07', 88) , 

	(88, 284, 'credit card', '2020-01-07', 88) , 

	(88, 285, 'credit card', '2020-01-07', 88) , 

	(88, 286, 'credit card', '2020-01-07', 88) , 

	(88, 287, 'credit card', '2020-01-07', 88) , 

	(89, 288, 'check', '2019-06-18', 89) , 

	(89, 289, 'check', '2019-06-18', 89) , 

	(90, 290, 'check', '2018-12-13', 90) , 

	(91, 291, 'check', '2023-10-03', 91) , 

	(91, 292, 'check', '2023-10-03', 91) , 

	(91, 293, 'check', '2023-10-03', 91) , 

	(92, 294, 'credit card', '2020-04-16', 92) , 

	(92, 295, 'credit card', '2020-04-16', 92) , 

	(92, 296, 'credit card', '2020-04-16', 92) , 

	(93, 297, 'debit card', '2021-04-22', 93) , 

	(93, 298, 'debit card', '2021-04-22', 93) , 

	(94, 299, 'credit card', '2020-05-15', 94) , 

	(94, 300, 'credit card', '2020-05-15', 94) , 

	(94, 301, 'credit card', '2020-05-15', 94) , 

	(94, 302, 'credit card', '2020-05-15', 94) , 

	(94, 303, 'credit card', '2020-05-15', 94) , 

	(95, 304, 'debit card', '2020-06-14', 95) , 

	(95, 305, 'debit card', '2020-06-14', 95) , 

	(95, 306, 'debit card', '2020-06-14', 95) , 

	(96, 307, 'cash', '2023-07-25', 96) , 

	(96, 308, 'cash', '2023-07-25', 96) , 

	(96, 309, 'cash', '2023-07-25', 96) , 

	(97, 310, 'debit card', '2020-10-15', 97) , 

	(97, 311, 'debit card', '2020-10-15', 97) , 

	(97, 312, 'debit card', '2020-10-15', 97) , 

	(97, 313, 'debit card', '2020-10-15', 97) , 

	(98, 314, 'cash', '2020-06-10', 98) , 

	(99, 315, 'debit card', '2023-09-09', 99) , 

	(99, 316, 'debit card', '2023-09-09', 99) , 

	(99, 317, 'debit card', '2023-09-09', 99) , 

	(99, 318, 'debit card', '2023-09-09', 99) , 

	(100, 319, 'debit card', '2018-12-27', 100) , 

	(100, 320, 'debit card', '2018-12-27', 100) , 

	(100, 321, 'debit card', '2018-12-27', 100) , 

	(101, 322, 'cash', '2019-03-30', 101) , 

	(101, 323, 'cash', '2019-03-30', 101) , 

	(102, 324, 'check', '2021-01-06', 102) , 

	(102, 325, 'check', '2021-01-06', 102) , 

	(102, 326, 'check', '2021-01-06', 102) , 

	(102, 327, 'check', '2021-01-06', 102) , 

	(102, 328, 'check', '2021-01-06', 102) , 

	(103, 329, 'cash', '2020-11-30', 103) , 

	(103, 330, 'cash', '2020-11-30', 103) , 

	(103, 331, 'cash', '2020-11-30', 103) , 

	(103, 332, 'cash', '2020-11-30', 103) , 

	(103, 333, 'cash', '2020-11-30', 103) , 

	(104, 334, 'debit card', '2020-12-14', 104) , 

	(104, 335, 'debit card', '2020-12-14', 104) , 

	(105, 336, 'debit card', '2019-03-01', 105) , 

	(105, 337, 'debit card', '2019-03-01', 105) , 

	(105, 338, 'debit card', '2019-03-01', 105) , 

	(105, 339, 'debit card', '2019-03-01', 105) , 

	(105, 340, 'debit card', '2019-03-01', 105) , 

	(106, 341, 'check', '2022-07-26', 106) , 

	(107, 342, 'cash', '2018-12-23', 107) , 

	(108, 343, 'cash', '2019-01-05', 108) , 

	(108, 344, 'cash', '2019-01-05', 108) , 

	(108, 345, 'cash', '2019-01-05', 108) , 

	(108, 346, 'cash', '2019-01-05', 108) , 

	(109, 347, 'cash', '2022-09-25', 109) , 

	(109, 348, 'cash', '2022-09-25', 109) , 

	(110, 349, 'debit card', '2020-01-30', 110) , 

	(110, 350, 'debit card', '2020-01-30', 110) , 

	(111, 351, 'check', '2022-02-10', 111) , 

	(111, 352, 'check', '2022-02-10', 111) , 

	(111, 353, 'check', '2022-02-10', 111) , 

	(111, 354, 'check', '2022-02-10', 111) , 

	(111, 355, 'check', '2022-02-10', 111) , 

	(112, 356, 'credit card', '2019-04-07', 112) , 

	(112, 357, 'credit card', '2019-04-07', 112) , 

	(113, 358, 'debit card', '2023-11-04', 113) , 

	(114, 359, 'check', '2019-07-08', 114) , 

	(115, 360, 'check', '2023-09-09', 115) , 

	(115, 361, 'check', '2023-09-09', 115) , 

	(115, 362, 'check', '2023-09-09', 115) , 

	(116, 363, 'credit card', '2022-02-01', 116) , 

	(116, 364, 'credit card', '2022-02-01', 116) , 

	(116, 365, 'credit card', '2022-02-01', 116) , 

	(116, 366, 'credit card', '2022-02-01', 116) , 

	(116, 367, 'credit card', '2022-02-01', 116) , 

	(117, 368, 'cash', '2023-11-02', 117) , 

	(117, 369, 'cash', '2023-11-02', 117) , 

	(117, 370, 'cash', '2023-11-02', 117) , 

	(117, 371, 'cash', '2023-11-02', 117) , 

	(118, 372, 'check', '2023-01-10', 118) , 

	(118, 373, 'check', '2023-01-10', 118) , 

	(118, 374, 'check', '2023-01-10', 118) , 

	(118, 375, 'check', '2023-01-10', 118) , 

	(119, 376, 'debit card', '2021-07-12', 119) , 

	(119, 377, 'debit card', '2021-07-12', 119) , 

	(119, 378, 'debit card', '2021-07-12', 119) , 

	(119, 379, 'debit card', '2021-07-12', 119) , 

	(119, 380, 'debit card', '2021-07-12', 119) , 

	(120, 381, 'cash', '2020-02-09', 120) , 

	(120, 382, 'cash', '2020-02-09', 120) , 

	(120, 383, 'cash', '2020-02-09', 120) , 

	(120, 384, 'cash', '2020-02-09', 120) , 

	(120, 385, 'cash', '2020-02-09', 120) , 

	(121, 386, 'debit card', '2021-03-15', 121) , 

	(121, 387, 'debit card', '2021-03-15', 121) , 

	(121, 388, 'debit card', '2021-03-15', 121) , 

	(122, 389, 'debit card', '2020-06-30', 122) , 

	(122, 390, 'debit card', '2020-06-30', 122) , 

	(122, 391, 'debit card', '2020-06-30', 122) , 

	(123, 392, 'credit card', '2023-07-11', 123) , 

	(123, 393, 'credit card', '2023-07-11', 123) , 

	(124, 394, 'credit card', '2019-02-27', 124) , 

	(124, 395, 'credit card', '2019-02-27', 124) , 

	(124, 396, 'credit card', '2019-02-27', 124) , 

	(124, 397, 'credit card', '2019-02-27', 124) , 

	(125, 398, 'credit card', '2020-12-31', 125) , 

	(125, 399, 'credit card', '2020-12-31', 125) , 

	(125, 400, 'credit card', '2020-12-31', 125) ;

INSERT INTO E_admin (`employee_id`, `space_id`) 

	VALUES 

	(1, 1),  

	(2, 1),  

	(3, 1),  

	(4, 1),  

	(5, 2),  

	(6, 2),  

	(7, 2),  

	(8, 2),  

	(9, 2),  

	(10, 3),  

	(11, 3),  

	(12, 3),  

	(13, 4),  

	(14, 5),  

	(15, 5),  

	(16, 6),  

	(17, 6),  

	(18, 6),  

	(19, 6),  

	(20, 6),  

	(21, 7),  

	(22, 8),  

	(23, 8),  

	(24, 8),  

	(25, 9),  

	(26, 9),  

	(27, 10),  

	(28, 10) ; 

INSERT INTO Feedback (feedback_id,f_title,f_text,customer_id,admin_id) 

	VALUES 

  (1,"lorem, eget mollis lectus pede et risus. Quisque libero lacus,","rutrum non, hendrerit id, ante. Nunc mauris sapien, cursus in, hendrerit consectetuer, cursus et, magna. Praesent interdum ligula eu enim. Etiam imperdiet dictum magna. Ut tincidunt orci quis lectus. Nullam suscipit, est ac facilisis facilisis, magna tellus faucibus leo, in lobortis tellus justo sit amet nulla. Donec non justo. Proin non massa non ante bibendum ullamcorper. Duis cursus, diam at pretium aliquet, metus urna convallis erat, eget tincidunt dui augue eu tellus. Phasellus elit pede, malesuada vel, venenatis vel, faucibus id, libero. Donec",22,10), 

  (2,"mollis. Phasellus","lacus vestibulum lorem, sit amet ultricies sem magna nec quam. Curabitur vel lectus. Cum sociis natoque penatibus et magnis dis parturient montes, nascetur ridiculus mus. Donec dignissim magna",46,1), 

  (3,"Aenean eget magna. Suspendisse tristique neque venenatis lacus. Etiam bibendum","consequat, lectus sit amet luctus vulputate, nisi sem semper erat, in consectetuer ipsum nunc id enim. Curabitur massa. Vestibulum accumsan neque et nunc. Quisque ornare tortor at risus. Nunc ac sem ut",72,2), 

  (4,"Donec tincidunt. Donec vitae erat vel pede blandit","laoreet, libero et tristique pellentesque, tellus sem mollis dui, in sodales elit erat vitae risus. Duis a mi fringilla mi lacinia mattis. Integer eu lacus. Quisque imperdiet, erat nonummy ultricies ornare, elit elit fermentum risus, at fringilla purus mauris a nunc. In at pede. Cras vulputate velit eu sem. Pellentesque ut ipsum ac mi eleifend egestas. Sed",35,4), 

  (5,"placerat, orci","et, magna. Praesent interdum ligula eu enim. Etiam imperdiet dictum magna. Ut tincidunt orci quis lectus. Nullam suscipit, est ac facilisis facilisis, magna tellus faucibus",26,4), 

  (6,"tellus eu augue porttitor","felis orci, adipiscing non, luctus sit amet, faucibus ut, nulla. Cras eu tellus eu augue porttitor interdum. Sed auctor odio a purus. Duis elementum, dui quis accumsan convallis, ante lectus convallis est, vitae sodales nisi magna sed dui. Fusce aliquam, enim nec tempus scelerisque, lorem ipsum sodales purus, in molestie tortor nibh sit amet orci. Ut sagittis lobortis mauris. Suspendisse aliquet molestie tellus. Aenean egestas hendrerit neque. In ornare sagittis",73,7), 

  (7,"tellus. Phasellus elit pede, malesuada vel, venenatis","fermentum fermentum arcu. Vestibulum ante ipsum primis in faucibus orci luctus et ultrices posuere cubilia Curae Phasellus ornare. Fusce mollis. Duis sit amet diam eu dolor egestas rhoncus. Proin nisl sem, consequat nec, mollis vitae, posuere at, velit. Cras lorem lorem, luctus ut, pellentesque eget, dictum placerat, augue. Sed molestie. Sed id risus quis diam luctus lobortis. Class aptent taciti sociosqu ad litora torquent per conubia nostra, per inceptos hymenaeos. Mauris ut quam vel sapien imperdiet ornare. In faucibus. Morbi vehicula. Pellentesque tincidunt tempus risus.",50,8), 

  (8,"nibh lacinia orci, consectetuer","orci lacus vestibulum lorem, sit amet ultricies sem magna nec quam. Curabitur vel lectus. Cum sociis natoque penatibus et",94,8), 

  (9,"Lorem ipsum dolor sit amet, consectetuer adipiscing elit. Aliquam","magnis dis parturient montes, nascetur ridiculus mus. Proin vel nisl. Quisque fringilla euismod enim. Etiam gravida molestie arcu. Sed eu nibh vulputate mauris sagittis placerat. Cras dictum ultricies ligula. Nullam enim. Sed nulla ante, iaculis nec, eleifend non, dapibus rutrum, justo. Praesent luctus. Curabitur egestas nunc sed libero. Proin sed turpis nec mauris blandit mattis. Cras eget nisi dictum augue malesuada malesuada. Integer id magna et ipsum cursus vestibulum. Mauris magna. Duis dignissim tempor arcu. Vestibulum ut eros non enim commodo hendrerit. Donec porttitor tellus non magna. Nam ligula elit, pretium et, rutrum non, hendrerit id, ante. Nunc",56,7), 

  (10,"vitae purus gravida sagittis. Duis gravida. Praesent","purus sapien, gravida non, sollicitudin a, malesuada id, erat. Etiam vestibulum massa rutrum magna. Cras convallis convallis dolor. Quisque tincidunt pede ac urna. Ut tincidunt vehicula risus. Nulla eget metus eu",21,6); 

INSERT INTO equipment_type_brand(brand,e_type,check_interval_days) 
	VALUES
	('NordicTrack', 'Bosu balls', 100) ,
	('Star Trac', 'Assisted pull-up/dip machines', 100) ,
	('Schwinn Fitness', 'Resistance bands', 30) ,
	('Precor', 'Treadmills', 120) ,
	('Schwinn Fitness', 'Cable crossover machines', 120) ,
	('Schwinn Fitness', 'Dumbbells', 60) ,
	('Precor', 'Smith machines', 120) ,
	('Hoist Fitness', 'Cable crossover machines', 100) ,
	('Body-Solid', 'Treadmills', 90) ,
	('Bodycraft', 'Stationary bicycles (upright and recumbent)', 90) ,
	('Rogue Fitness', 'Lat pulldown machine', 120) ,
	('Cybex', 'Lat pulldown machine', 100) ,
	('Star Trac', 'Treadmills', 90) ,
	('Hoist Fitness', 'Cable machines', 120) ,
	('Inspire Fitness', 'Bosu balls', 60) ,
	('Rogue Fitness', 'Cable machines', 120) ,
	('Sole Fitness', 'Leg press machine', 60) ,
	('Bowflex', 'Barbells', 60) ,
	('Hammer Strength', 'Abdominal machines', 30) ,
	('Nautilus', 'Elliptical trainers', 100) ,
	('Star Trac', 'Plyometric boxes', 30) ,
	('NordicTrack', 'Elliptical trainers', 90) ,
	('Star Trac', 'Bosu balls', 100) ,
	('Inspire Fitness', 'Assisted pull-up/dip machines', 60) ,
	('Hoist Fitness', 'Leg extension machine', 120) ,
	('Life Fitness', 'Lat pulldown machine', 90) ,
	('Keiser', 'Rowing machines', 60) ,
	('Octane Fitness', 'Multi-station machines', 120) ,
	('Octane Fitness', 'TRX suspension trainers', 100) ,
	('Bowflex', 'Resistance bands', 120) ,
	('Nautilus', 'Resistance bands', 100) ,
	('Bodycraft', 'Resistance bands', 120) ,
	('NordicTrack', 'Resistance bands', 90) ,
	('Keiser', 'Dumbbells', 60) ,
	('Cybex', 'Leg extension machine', 100) ,
	('Keiser', 'Resistance bands', 100) ,
	('Bowflex', 'Chest press machine', 60) ,
	('Octane Fitness', 'Hack squat machines', 120) ,
	('Keiser', 'Hack squat machines', 120) ,
	('Nautilus', 'Smith machines', 100) ,
	('Schwinn Fitness', 'Chest press machine', 90) ,
	('ProForm', 'Elliptical trainers', 90) ,
	('Life Fitness', 'Plyometric boxes', 100) ,
	('Bowflex', 'Elliptical trainers', 30) ,
	('Rogue Fitness', 'Resistance bands', 60) ,
	('Inspire Fitness', 'Cable machines', 60) ,
	('Life Fitness', 'Leg extension machine', 100) ,
	('Star Trac', 'Chest press machine', 120) ,
	('Bowflex', 'Stationary bicycles (upright and recumbent)', 90) ,
	('Octane Fitness', 'Leg curl machine', 30) ,
	('Bodycraft', 'Leg press machine', 30) ,
	('Hammer Strength', 'Cable machines', 100) ,
	('Bodycraft', 'Hack squat machines', 90) ,
	('Precor', 'Cable crossover machines', 30) ,
	('Technogym', 'Elliptical trainers', 120) ,
	('Bowflex', 'Smith machines', 30) ,
	('Hoist Fitness', 'Leg press machine', 100) ,
	('Body-Solid', 'Resistance bands', 90) ,
	('Cybex', 'Leg press machine', 90) ,
	('Matrix Fitness', 'Dumbbells', 100) ,
	('Precor', 'Lat pulldown machine', 30) ,
	('Technogym', 'Dumbbells', 120) ,
	('Cybex', 'Medicine balls', 60) ,
	('Bodycraft', 'TRX suspension trainers', 60) ,
	('Octane Fitness', 'Abdominal machines', 120) ,
	('Technogym', 'Hack squat machines', 100) ,
	('Keiser', 'Leg press machine', 60) ,
	('Technogym', 'Leg extension machine', 60) ,
	('Hoist Fitness', 'Rowing machines', 90) ,
	('Rogue Fitness', 'Rowing machines', 100) ,
	('Hoist Fitness', 'Plyometric boxes', 120) ,
	('Precor', 'TRX suspension trainers', 60) ,
	('Bowflex', 'Bosu balls', 30) ,
	('Rogue Fitness', 'Assisted pull-up/dip machines', 100) ,
	('Precor', 'Resistance bands', 60) ,
	('Technogym', 'Rowing machines', 30) ,
	('Matrix Fitness', 'Resistance bands', 60) ,
	('Bowflex', 'Leg extension machine', 90) ,
	('Matrix Fitness', 'Barbells', 30) ,
	('Star Trac', 'TRX suspension trainers', 30) ,
	('Hammer Strength', 'Resistance bands', 30) ,
	('Keiser', 'TRX suspension trainers', 90) ,
	('Bowflex', 'TRX suspension trainers', 100) ,
	('Nautilus', 'Medicine balls', 120) ,
	('Hoist Fitness', 'Glute machines', 90) ,
	('Hoist Fitness', 'Stationary bicycles (upright and recumbent)', 100) ,
	('Keiser', 'Kettlebells', 60) ,
	('Sole Fitness', 'Barbells', 60) ,
	('Schwinn Fitness', 'Hack squat machines', 120) ,
	('Rogue Fitness', 'Abdominal machines', 30) ,
	('Inspire Fitness', 'Leg extension machine', 60) ,
	('Star Trac', 'Leg curl machine', 100) ,
	('Matrix Fitness', 'Cable crossover machines', 100) ,
	('Star Trac', 'Medicine balls', 60) ,
	('ProForm', 'Abdominal machines', 60) ,
	('Nautilus', 'Stationary bicycles (upright and recumbent)', 60) ,
	('Keiser', 'Stationary bicycles (upright and recumbent)', 60) ,
	('Octane Fitness', 'Medicine balls', 120) ,
	('Keiser', 'Medicine balls', 120) ,
	('Inspire Fitness', 'Hack squat machines', 100) ,
	('Inspire Fitness', 'Dumbbells', 30) ,
	('Matrix Fitness', 'Assisted pull-up/dip machines', 100) ,
	('Hammer Strength', 'Glute machines', 120) ,
	('Rogue Fitness', 'Leg press machine', 100) ,
	('Technogym', 'Abdominal machines', 60) ,
	('Sole Fitness', 'Cable crossover machines', 120) ,
	('Technogym', 'Plyometric boxes', 60) ,
	('Rogue Fitness', 'Cable crossover machines', 90) ,
	('Matrix Fitness', 'Kettlebells', 100) ,
	('NordicTrack', 'Medicine balls', 60) ,
	('NordicTrack', 'Dumbbells', 120) ,
	('ProForm', 'Cable crossover machines', 120) ,
	('Schwinn Fitness', 'Abdominal machines', 120) ,
	('Star Trac', 'Elliptical trainers', 30) ,
	('Hammer Strength', 'Rowing machines', 60) ,
	('Rogue Fitness', 'TRX suspension trainers', 120) ,
	('Life Fitness', 'Barbells', 120) ,
	('Sole Fitness', 'Kettlebells', 120) ,
	('Inspire Fitness', 'Resistance bands', 120) ,
	('Bowflex', 'Leg curl machine', 30) ,
	('ProForm', 'Kettlebells', 120) ,
	('Bowflex', 'Treadmills', 90) ,
	('Hoist Fitness', 'Assisted pull-up/dip machines', 30) ,
	('Life Fitness', 'Resistance bands', 100) ,
	('Inspire Fitness', 'Rowing machines', 30) ,
	('Life Fitness', 'TRX suspension trainers', 90) ,
	('Inspire Fitness', 'Stationary bicycles (upright and recumbent)', 90) ,
	('Hoist Fitness', 'Bosu balls', 120) ,
	('Technogym', 'Leg press machine', 30) ,
	('Technogym', 'Barbells', 90) ,
	('Hammer Strength', 'Bosu balls', 100) ,
	('Life Fitness', 'Smith machines', 100) ,
	('Hammer Strength', 'Cable crossover machines', 60) ,
	('Star Trac', 'Kettlebells', 120) ,
	('Nautilus', 'Glute machines', 30) ,
	('Matrix Fitness', 'Rowing machines', 90) ,
	('Life Fitness', 'Elliptical trainers', 90) ,
	('Sole Fitness', 'Glute machines', 30) ,
	('Bowflex', 'Medicine balls', 120) ,
	('Inspire Fitness', 'TRX suspension trainers', 60) ,
	('Nautilus', 'Barbells', 100) ,
	('Inspire Fitness', 'Kettlebells', 30) ,
	('Hammer Strength', 'Plyometric boxes', 90) ,
	('Matrix Fitness', 'TRX suspension trainers', 120) ,
	('ProForm', 'Leg press machine', 120) ,
	('Star Trac', 'Dumbbells', 60) ,
	('Technogym', 'Resistance bands', 60) ,
	('Body-Solid', 'Rowing machines', 60) ,
	('Precor', 'Plyometric boxes', 30) ,
	('Body-Solid', 'Stationary bicycles (upright and recumbent)', 120) ,
	('Keiser', 'Barbells', 100) ,
	('Octane Fitness', 'Treadmills', 120) ,
	('Technogym', 'Smith machines', 60) ,
	('Hammer Strength', 'Elliptical trainers', 90) ,
	('NordicTrack', 'Chest press machine', 90) ,
	('Hammer Strength', 'Leg curl machine', 30) ,
	('Body-Solid', 'TRX suspension trainers', 90) ,
	('Nautilus', 'Kettlebells', 120) ,
	('Schwinn Fitness', 'Barbells', 100) ,
	('Sole Fitness', 'Chest press machine', 90) ,
	('Cybex', 'Resistance bands', 100) ,
	('Rogue Fitness', 'Chest press machine', 60) ,
	('Rogue Fitness', 'Smith machines', 120) ,
	('Cybex', 'Smith machines', 100) ,
	('ProForm', 'Chest press machine', 90) ,
	('Bodycraft', 'Treadmills', 90) ,
	('Cybex', 'Elliptical trainers', 90) ,
	('Sole Fitness', 'Assisted pull-up/dip machines', 60) ,
	('Schwinn Fitness', 'Plyometric boxes', 60) ,
	('Life Fitness', 'Leg curl machine', 100) ,
	('Life Fitness', 'Dumbbells', 120) ,
	('Rogue Fitness', 'Treadmills', 30) ,
	('Technogym', 'Assisted pull-up/dip machines', 100) ,
	('Bodycraft', 'Abdominal machines', 30) ,
	('Precor', 'Rowing machines', 90) ,
	('Matrix Fitness', 'Lat pulldown machine', 90) ,
	('Precor', 'Cable machines', 100) ,
	('ProForm', 'Treadmills', 60) ,
	('Body-Solid', 'Multi-station machines', 120) ,
	('Bowflex', 'Hack squat machines', 60) ,
	('Star Trac', 'Stationary bicycles (upright and recumbent)', 120) ,
	('Precor', 'Barbells', 60) ,
	('Matrix Fitness', 'Plyometric boxes', 100) ,
	('Octane Fitness', 'Lat pulldown machine', 120) ,
	('Hoist Fitness', 'Medicine balls', 90) ,
	('Star Trac', 'Glute machines', 100) ,
	('Matrix Fitness', 'Chest press machine', 60) ,
	('Life Fitness', 'Hack squat machines', 60) ,
	('Inspire Fitness', 'Leg curl machine', 120) ,
	('Schwinn Fitness', 'Glute machines', 30) ,
	('NordicTrack', 'Leg press machine', 60) ,
	('Sole Fitness', 'Rowing machines', 100) ,
	('Keiser', 'Chest press machine', 100) ,
	('Octane Fitness', 'Barbells', 90) ,
	('Bowflex', 'Dumbbells', 120) ,
	('Matrix Fitness', 'Stationary bicycles (upright and recumbent)', 90) ,
	('Nautilus', 'Chest press machine', 90) ,
	('Inspire Fitness', 'Treadmills', 100) ,
	('Matrix Fitness', 'Hack squat machines', 90) ,
	('Technogym', 'Stationary bicycles (upright and recumbent)', 100) ,
	('Body-Solid', 'Chest press machine', 30) ,
	('Sole Fitness', 'Lat pulldown machine', 60) ,
	('Nautilus', 'Assisted pull-up/dip machines', 60) ,
	('Cybex', 'Chest press machine', 30) ,
	('Hammer Strength', 'Hack squat machines', 60) ,
	('Schwinn Fitness', 'Multi-station machines', 90) ,
	('Technogym', 'Lat pulldown machine', 100) ,
	('Octane Fitness', 'Resistance bands', 60) ,
	('Nautilus', 'Lat pulldown machine', 120) ,
	('Bodycraft', 'Glute machines', 120) ,
	('Inspire Fitness', 'Plyometric boxes', 30) ,
	('ProForm', 'Barbells', 30) ,
	('Keiser', 'Multi-station machines', 30) ,
	('Nautilus', 'Bosu balls', 60) ,
	('Matrix Fitness', 'Abdominal machines', 90) ,
	('Star Trac', 'Cable machines', 60) ,
	('Matrix Fitness', 'Leg press machine', 30) ,
	('Schwinn Fitness', 'Medicine balls', 90) ,
	('Technogym', 'Leg curl machine', 60) ,
	('ProForm', 'Medicine balls', 120) ,
	('Hoist Fitness', 'Chest press machine', 120) ,
	('Cybex', 'Barbells', 100) ,
	('Matrix Fitness', 'Cable machines', 30) ,
	('Hammer Strength', 'Kettlebells', 120) ,
	('Keiser', 'Leg extension machine', 120) ,
	('Bowflex', 'Kettlebells', 120) ,
	('ProForm', 'Plyometric boxes', 120) ,
	('Cybex', 'Leg curl machine', 90) ,
	('NordicTrack', 'Glute machines', 90) ,
	('NordicTrack', 'Stationary bicycles (upright and recumbent)', 100) ,
	('Sole Fitness', 'Elliptical trainers', 120) ,
	('Nautilus', 'Multi-station machines', 30) ,
	('Octane Fitness', 'Dumbbells', 90) ,
	('Sole Fitness', 'Multi-station machines', 100) ,
	('Hoist Fitness', 'Abdominal machines', 30) ,
	('Hoist Fitness', 'Multi-station machines', 60) ,
	('Schwinn Fitness', 'Treadmills', 60) ,
	('Sole Fitness', 'Hack squat machines', 100) ,
	('ProForm', 'Multi-station machines', 100) ,
	('Bowflex', 'Lat pulldown machine', 120) ,
	('Schwinn Fitness', 'Smith machines', 60) ,
	('Schwinn Fitness', 'Kettlebells', 100) ,
	('Life Fitness', 'Chest press machine', 90) ,
	('Bodycraft', 'Rowing machines', 60) ,
	('Octane Fitness', 'Stationary bicycles (upright and recumbent)', 100) ,
	('Life Fitness', 'Treadmills', 60) ,
	('Life Fitness', 'Rowing machines', 60) ,
	('Nautilus', 'Cable crossover machines', 90) ,
	('Star Trac', 'Leg extension machine', 60) ,
	('Octane Fitness', 'Cable crossover machines', 90) ,
	('Body-Solid', 'Plyometric boxes', 60) ,
	('Cybex', 'Assisted pull-up/dip machines', 120) ,
	('Keiser', 'Lat pulldown machine', 100) ,
	('Matrix Fitness', 'Leg curl machine', 30) ,
	('Body-Solid', 'Hack squat machines', 100) ,
	('Keiser', 'Abdominal machines', 120) ,
	('Keiser', 'Plyometric boxes', 120) ,
	('Hoist Fitness', 'Lat pulldown machine', 90) ,
	('Octane Fitness', 'Cable machines', 100) ,
	('Octane Fitness', 'Assisted pull-up/dip machines', 90) ,
	('Life Fitness', 'Kettlebells', 60) ,
	('Technogym', 'Treadmills', 30) ,
	('Precor', 'Leg curl machine', 30) ,
	('Nautilus', 'Leg curl machine', 60) ,
	('NordicTrack', 'Treadmills', 120) ,
	('Rogue Fitness', 'Elliptical trainers', 90) ,
	('Life Fitness', 'Cable machines', 120) ,
	('Nautilus', 'Treadmills', 120) ,
	('Matrix Fitness', 'Bosu balls', 100) ,
	('Octane Fitness', 'Elliptical trainers', 120) ,
	('Hammer Strength', 'Leg press machine', 120) ,
	('Bowflex', 'Assisted pull-up/dip machines', 60) ,
	('Inspire Fitness', 'Glute machines', 120) ,
	('Star Trac', 'Barbells', 100) ,
	('Sole Fitness', 'Stationary bicycles (upright and recumbent)', 90) ,
	('Body-Solid', 'Assisted pull-up/dip machines', 120) ,
	('Nautilus', 'Hack squat machines', 100) ,
	('Precor', 'Leg press machine', 60) ,
	('Technogym', 'Cable machines', 90) ,
	('Octane Fitness', 'Chest press machine', 60) ,
	('Rogue Fitness', 'Multi-station machines', 60) ,
	('Rogue Fitness', 'Stationary bicycles (upright and recumbent)', 60) ,
	('Star Trac', 'Multi-station machines', 100) ,
	('Inspire Fitness', 'Elliptical trainers', 30) ,
	('Hoist Fitness', 'Treadmills', 30) ,
	('Body-Solid', 'Barbells', 90) ,
	('Octane Fitness', 'Rowing machines', 30) ,
	('Hoist Fitness', 'Smith machines', 30) ,
	('Matrix Fitness', 'Elliptical trainers', 90) ,
	('ProForm', 'Bosu balls', 120) ,
	('Octane Fitness', 'Leg press machine', 90) ,
	('Schwinn Fitness', 'Leg press machine', 100) ,
	('Inspire Fitness', 'Lat pulldown machine', 90) ,
	('Cybex', 'Cable machines', 120) ,
	('Life Fitness', 'Glute machines', 90) ,
	('Sole Fitness', 'Medicine balls', 90) ,
	('Rogue Fitness', 'Medicine balls', 60) ,
	('Matrix Fitness', 'Smith machines', 90) ,
	('Body-Solid', 'Elliptical trainers', 60) ,
	('Schwinn Fitness', 'Cable machines', 100) ,
	('Schwinn Fitness', 'Assisted pull-up/dip machines', 90) ,
	('NordicTrack', 'Barbells', 90) ,
	('Hammer Strength', 'Smith machines', 60) ,
	('Bodycraft', 'Lat pulldown machine', 60) ,
	('Octane Fitness', 'Smith machines', 120) ,
	('Rogue Fitness', 'Leg curl machine', 90) ,
	('Hammer Strength', 'Multi-station machines', 30) ,
	('Bowflex', 'Cable machines', 60) ,
	('Rogue Fitness', 'Leg extension machine', 100) ,
	('NordicTrack', 'TRX suspension trainers', 60) ,
	('Bowflex', 'Glute machines', 90) ,
	('Sole Fitness', 'Cable machines', 30) ,
	('Nautilus', 'TRX suspension trainers', 60) ,
	('Body-Solid', 'Bosu balls', 60) ,
	('Matrix Fitness', 'Medicine balls', 60) ,
	('Technogym', 'TRX suspension trainers', 100) ,
	('Cybex', 'Cable crossover machines', 100) ,
	('NordicTrack', 'Multi-station machines', 30) ,
	('Bodycraft', 'Medicine balls', 120) ,
	('Bowflex', 'Abdominal machines', 120) ,
	('ProForm', 'Resistance bands', 60) ,
	('Bodycraft', 'Chest press machine', 30) ,
	('Schwinn Fitness', 'Stationary bicycles (upright and recumbent)', 90) ,
	('Body-Solid', 'Cable machines', 30) ,
	('NordicTrack', 'Hack squat machines', 30) ,
	('Cybex', 'Rowing machines', 100) ,
	('Precor', 'Chest press machine', 30) ,
	('Schwinn Fitness', 'Bosu balls', 120) ,
	('Hammer Strength', 'Lat pulldown machine', 100) ,
	('Cybex', 'Abdominal machines', 120) ,
	('Body-Solid', 'Dumbbells', 90) ,
	('Cybex', 'Plyometric boxes', 120) ,
	('Star Trac', 'Resistance bands', 60) ,
	('ProForm', 'Stationary bicycles (upright and recumbent)', 30) ,
	('Rogue Fitness', 'Bosu balls', 30) ,
	('Body-Solid', 'Smith machines', 60) ,
	('Hammer Strength', 'Barbells', 30) ,
	('Inspire Fitness', 'Abdominal machines', 90) ,
	('Cybex', 'Dumbbells', 90) ,
	('Precor', 'Stationary bicycles (upright and recumbent)', 60) ,
	('Star Trac', 'Smith machines', 60) ,
	('ProForm', 'Hack squat machines', 30) ,
	('Keiser', 'Cable crossover machines', 30) ,
	('Bowflex', 'Multi-station machines', 100) ,
	('Precor', 'Bosu balls', 90) ,
	('Sole Fitness', 'Treadmills', 100) ,
	('Hoist Fitness', 'Dumbbells', 60) ,
	('Hammer Strength', 'Stationary bicycles (upright and recumbent)', 100) ,
	('Matrix Fitness', 'Treadmills', 30) ,
	('Hoist Fitness', 'Resistance bands', 100) ,
	('Hoist Fitness', 'Hack squat machines', 120) ,
	('Star Trac', 'Cable crossover machines', 100) ,
	('Bodycraft', 'Multi-station machines', 100) ,
	('Hoist Fitness', 'Elliptical trainers', 90) ,
	('Precor', 'Assisted pull-up/dip machines', 120) ,
	('ProForm', 'Leg extension machine', 120) ,
	('Precor', 'Dumbbells', 120) ,
	('Star Trac', 'Rowing machines', 100) ,
	('Inspire Fitness', 'Smith machines', 100) ,
	('Sole Fitness', 'Plyometric boxes', 30) ,
	('Life Fitness', 'Abdominal machines', 60) ,
	('Sole Fitness', 'Bosu balls', 100) ,
	('Body-Solid', 'Medicine balls', 30) ,
	('Precor', 'Abdominal machines', 60) ,
	('Inspire Fitness', 'Barbells', 120) ,
	('NordicTrack', 'Abdominal machines', 120) ,
	('Matrix Fitness', 'Leg extension machine', 90) ,
	('Inspire Fitness', 'Multi-station machines', 120) ,
	('NordicTrack', 'Rowing machines', 90) ,
	('Cybex', 'TRX suspension trainers', 120) ,
	('Body-Solid', 'Kettlebells', 90) ,
	('Bodycraft', 'Assisted pull-up/dip machines', 120) ,
	('NordicTrack', 'Assisted pull-up/dip machines', 90) ,
	('Precor', 'Elliptical trainers', 60) ,
	('Keiser', 'Assisted pull-up/dip machines', 100) ,
	('Hammer Strength', 'Leg extension machine', 60) ,
	('Cybex', 'Kettlebells', 90) ,
	('Keiser', 'Treadmills', 100) ,
	('Bowflex', 'Cable crossover machines', 30) ,
	('NordicTrack', 'Kettlebells', 100) ,
	('Cybex', 'Multi-station machines', 100) ,
	('Hoist Fitness', 'TRX suspension trainers', 90) ,
	('Star Trac', 'Leg press machine', 100) ,
	('Keiser', 'Smith machines', 100) ,
	('Schwinn Fitness', 'Lat pulldown machine', 30) ,
	('ProForm', 'Assisted pull-up/dip machines', 90) ,
	('Body-Solid', 'Lat pulldown machine', 100) ,
	('Bowflex', 'Rowing machines', 30) ,
	('Life Fitness', 'Cable crossover machines', 30) ,
	('ProForm', 'Dumbbells', 90) ,
	('Cybex', 'Hack squat machines', 100) ,
	('Inspire Fitness', 'Medicine balls', 120) ,
	('Inspire Fitness', 'Chest press machine', 30) ,
	('Life Fitness', 'Multi-station machines', 90) ,
	('Keiser', 'Leg curl machine', 120) ,
	('Nautilus', 'Leg press machine', 100) ,
	('Technogym', 'Chest press machine', 100) ,
	('Technogym', 'Bosu balls', 30) ,
	('Octane Fitness', 'Bosu balls', 90) ,
	('NordicTrack', 'Cable machines', 100) ,
	('Hammer Strength', 'Assisted pull-up/dip machines', 30) ,
	('Nautilus', 'Rowing machines', 90) ,
	('Keiser', 'Elliptical trainers', 90) ,
	('NordicTrack', 'Leg curl machine', 60) ,
	('Star Trac', 'Lat pulldown machine', 100) ,
	('Bowflex', 'Leg press machine', 30) ,
	('Nautilus', 'Abdominal machines', 30) ,
	('Bodycraft', 'Barbells', 90) ,
	('ProForm', 'Lat pulldown machine', 90) ,
	('Hoist Fitness', 'Leg curl machine', 100) ,
	('Bodycraft', 'Bosu balls', 60) ,
	('Rogue Fitness', 'Glute machines', 100) ,
	('NordicTrack', 'Leg extension machine', 100) ,
	('Schwinn Fitness', 'TRX suspension trainers', 90) ,
	('Cybex', 'Stationary bicycles (upright and recumbent)', 90) ,
	('ProForm', 'Cable machines', 90) ,
	('Life Fitness', 'Bosu balls', 60) ,
	('Technogym', 'Medicine balls', 60) ,
	('Schwinn Fitness', 'Elliptical trainers', 90) ,
	('Octane Fitness', 'Plyometric boxes', 30) ,
	('Bodycraft', 'Smith machines', 60) ,
	('NordicTrack', 'Smith machines', 30) ,
	('Schwinn Fitness', 'Leg extension machine', 30) ,
	('Precor', 'Leg extension machine', 120) ,
	('Sole Fitness', 'Smith machines', 30) ,
	('Body-Solid', 'Leg extension machine', 90) ,
	('Technogym', 'Kettlebells', 120) ,
	('Inspire Fitness', 'Cable crossover machines', 120) ,
	('Matrix Fitness', 'Glute machines', 100) ,
	('Precor', 'Hack squat machines', 120) ,
	('ProForm', 'Smith machines', 30) ,
	('Body-Solid', 'Leg press machine', 30) ,
	('Bodycraft', 'Cable machines', 120) ,
	('Hoist Fitness', 'Barbells', 100) ,
	('Hammer Strength', 'TRX suspension trainers', 60) ,
	('Star Trac', 'Hack squat machines', 90) ,
	('Nautilus', 'Cable machines', 90) ,
	('Cybex', 'Treadmills', 100) ,
	('Sole Fitness', 'Abdominal machines', 90) ,
	('Bodycraft', 'Leg extension machine', 120) ,
	('Body-Solid', 'Glute machines', 60) ,
	('NordicTrack', 'Lat pulldown machine', 30) ,
	('Sole Fitness', 'TRX suspension trainers', 100) ,
	('Octane Fitness', 'Kettlebells', 120) ,
	('Star Trac', 'Abdominal machines', 100) ,
	('ProForm', 'Glute machines', 120) ,
	('Rogue Fitness', 'Plyometric boxes', 60) ,
	('Sole Fitness', 'Dumbbells', 60) ,
	('Sole Fitness', 'Leg extension machine', 90) ,
	('Hammer Strength', 'Medicine balls', 90) ,
	('Cybex', 'Glute machines', 60) ,
	('Rogue Fitness', 'Hack squat machines', 100) ,
	('Life Fitness', 'Medicine balls', 30) ,
	('Octane Fitness', 'Glute machines', 120) ,
	('Rogue Fitness', 'Dumbbells', 30) ,
	('Bodycraft', 'Dumbbells', 90) ,
	('Bowflex', 'Plyometric boxes', 30) ,
	('Bodycraft', 'Kettlebells', 100) ,
	('Precor', 'Medicine balls', 30) ,
	('Body-Solid', 'Abdominal machines', 90) ,
	('Sole Fitness', 'Leg curl machine', 30) ,
	('Precor', 'Kettlebells', 100) ,
	('Technogym', 'Multi-station machines', 120) ,
	('Inspire Fitness', 'Leg press machine', 120) ,
	('Hammer Strength', 'Treadmills', 100) ,
	('Hammer Strength', 'Chest press machine', 120) ,
	('Bodycraft', 'Cable crossover machines', 100) ,
	('Precor', 'Glute machines', 90) ,
	('Precor', 'Multi-station machines', 100) ,
	('Matrix Fitness', 'Multi-station machines', 100) ,
	('Life Fitness', 'Stationary bicycles (upright and recumbent)', 100) ,
	('NordicTrack', 'Cable crossover machines', 60) ,
	('Body-Solid', 'Leg curl machine', 30) ,
	('Keiser', 'Bosu balls', 30) ,
	('Life Fitness', 'Leg press machine', 100) ,
	('Technogym', 'Glute machines', 100) ,
	('Keiser', 'Cable machines', 90) ,
	('Nautilus', 'Leg extension machine', 90) ,
	('Hammer Strength', 'Dumbbells', 90) ,
	('Hoist Fitness', 'Kettlebells', 120) ,
	('Bodycraft', 'Plyometric boxes', 120) ,
	('NordicTrack', 'Plyometric boxes', 90) ,
	('Keiser', 'Glute machines', 120) ,
	('Schwinn Fitness', 'Rowing machines', 120) ,
	('Rogue Fitness', 'Barbells', 90) ,
	('Nautilus', 'Plyometric boxes', 90) ,
	('Technogym', 'Cable crossover machines', 100) ,
	('Schwinn Fitness', 'Leg curl machine', 90) ,
	('Nautilus', 'Dumbbells', 60) ,
	('Life Fitness', 'Assisted pull-up/dip machines', 90) ,
	('Octane Fitness', 'Leg extension machine', 90) ,
	('Sole Fitness', 'Resistance bands', 100) ,
	('ProForm', 'Rowing machines', 60) ,
	('Bodycraft', 'Elliptical trainers', 120) ,
	('Body-Solid', 'Cable crossover machines', 60) ,
	('ProForm', 'TRX suspension trainers', 100) ,
	('Bodycraft', 'Leg curl machine', 60) ,
	('Cybex', 'Bosu balls', 100) ,
	('ProForm', 'Leg curl machine', 30) ,
	('Rogue Fitness', 'Kettlebells', 30) ;

INSERT INTO equipment_barcode(brand,e_type,barcode)
	VALUES
	('Life Fitness', 'Treadmills', '5V3PBSMZ') , 

	('Life Fitness', 'Elliptical trainers', 'ANQTHUDP') , 

	('Life Fitness', 'Stationary bicycles (upright and recumbent)', 'HQFL1OCN') , 

	('Life Fitness', 'Rowing machines', 'C3DNGBUX') , 

	('Life Fitness', 'Chest press machine', 'UYONIQJ7') , 

	('Life Fitness', 'Leg press machine', 'SVIXPO0B') , 

	('Life Fitness', 'Lat pulldown machine', 'NB14T2IY') , 

	('Life Fitness', 'Leg extension machine', '5THI8DR1') , 

	('Life Fitness', 'Leg curl machine', 'YG847D95') , 

	('Life Fitness', 'Cable machines', 'PU0C9365') , 

	('Life Fitness', 'Smith machines', 'RNSOAP3T') , 

	('Life Fitness', 'Multi-station machines', '895UEQS2') , 

	('Life Fitness', 'Dumbbells', 'BYJ2317X') , 

	('Life Fitness', 'Barbells', '059NQJD4') , 

	('Life Fitness', 'Kettlebells', '470ICSUQ') , 

	('Life Fitness', 'TRX suspension trainers', 'VUJGTOF8') , 

	('Life Fitness', 'Medicine balls', 'F6LJAV4X') , 

	('Life Fitness', 'Resistance bands', '92CPMSX5') , 

	('Life Fitness', 'Bosu balls', 'RWPLH0Q2') , 

	('Life Fitness', 'Plyometric boxes', 'S16UA3LI') , 

	('Life Fitness', 'Cable crossover machines', '40ZMAXVK') , 

	('Life Fitness', 'Hack squat machines', 'Y8J03HWV') , 

	('Life Fitness', 'Assisted pull-up/dip machines', 'XIH26TLK') , 

	('Life Fitness', 'Glute machines', 'NCG812HK') , 

	('Life Fitness', 'Abdominal machines', 'N3LX8CKI') , 

	('Precor', 'Treadmills', '5UY7LP1E') , 

	('Precor', 'Elliptical trainers', 'OAHIQMUL') , 

	('Precor', 'Stationary bicycles (upright and recumbent)', 'Z8Y76MLB') , 

	('Precor', 'Rowing machines', 'CLF3UJSM') , 

	('Precor', 'Chest press machine', 'HGL5WQ2M') , 

	('Precor', 'Leg press machine', 'NEAMSWH0') , 

	('Precor', 'Lat pulldown machine', 'JZTBMF8Y') , 

	('Precor', 'Leg extension machine', '8YJQX6UR') , 

	('Precor', 'Leg curl machine', 'NA0UMOJR') , 

	('Precor', 'Cable machines', '4ZBY9NL1') , 

	('Precor', 'Smith machines', 'JDQE3POH') , 

	('Precor', 'Multi-station machines', '1926MFIJ') , 

	('Precor', 'Dumbbells', 'R70IN3OL') , 

	('Precor', 'Barbells', 'GPU69OCL') , 

	('Precor', 'Kettlebells', 'W2NC4AJ8') , 

	('Precor', 'TRX suspension trainers', '2EV0JCTM') , 

	('Precor', 'Medicine balls', 'CMBAZIKG') , 

	('Precor', 'Resistance bands', 'N3RDFI6A') , 

	('Precor', 'Bosu balls', 'PQRWE6D5') , 

	('Precor', 'Plyometric boxes', 'FK5WX7GT') , 

	('Precor', 'Cable crossover machines', 'P1L54AOC') , 

	('Precor', 'Hack squat machines', 'MSEN96OZ') , 

	('Precor', 'Assisted pull-up/dip machines', 'KGRPE2HX') , 

	('Precor', 'Glute machines', '61YOHZUW') , 

	('Precor', 'Abdominal machines', '40FEGNKP') , 

	('Technogym', 'Treadmills', 'YZ0BFNLP') , 

	('Technogym', 'Elliptical trainers', '3WV8RBOK') , 

	('Technogym', 'Stationary bicycles (upright and recumbent)', 'UP8KWH5I') , 

	('Technogym', 'Rowing machines', 'TWRPB5V0') , 

	('Technogym', 'Chest press machine', 'UYR1EPT3') , 

	('Technogym', 'Leg press machine', 'NY9FZVKX') , 

	('Technogym', 'Lat pulldown machine', 'I3BTP85K') , 

	('Technogym', 'Leg extension machine', '25X8YEZD') , 

	('Technogym', 'Leg curl machine', 'UDXY07ZC') , 

	('Technogym', 'Cable machines', 'Z6GN3CYW') , 

	('Technogym', 'Smith machines', 'JZ0PNR7G') , 

	('Technogym', 'Multi-station machines', 'BHWOQKDG') , 

	('Technogym', 'Dumbbells', 'X4PCJ325') , 

	('Technogym', 'Barbells', 'RWQZA4I2') , 

	('Technogym', 'Kettlebells', 'ZTBU4P2Y') , 

	('Technogym', 'TRX suspension trainers', 'PGU6DL72') , 

	('Technogym', 'Medicine balls', 'UMIT2V8R') , 

	('Technogym', 'Resistance bands', 'EBGIAJ9P') , 

	('Technogym', 'Bosu balls', '2YVRUN4X') , 

	('Technogym', 'Plyometric boxes', 'TMJK7ID3') , 

	('Technogym', 'Cable crossover machines', '15LOK7V6') , 

	('Technogym', 'Hack squat machines', 'AZGQ2YFX') , 

	('Technogym', 'Assisted pull-up/dip machines', 'PH8TLSA2') , 

	('Technogym', 'Glute machines', 'X1MN93CA') , 

	('Technogym', 'Abdominal machines', '1Y8TE7AO') , 

	('Matrix Fitness', 'Treadmills', 'BU0EPAQL') , 

	('Matrix Fitness', 'Elliptical trainers', 'RSXYDPLU') , 

	('Matrix Fitness', 'Stationary bicycles (upright and recumbent)', 'G6SCLA85') , 

	('Matrix Fitness', 'Rowing machines', 'SYUV3T8F') , 

	('Matrix Fitness', 'Chest press machine', 'UV84RF5B') , 

	('Matrix Fitness', 'Leg press machine', 'VYAUHPEI') , 

	('Matrix Fitness', 'Lat pulldown machine', 'LXHDP6Q5') , 

	('Matrix Fitness', 'Leg extension machine', 'DJN3AUH0') , 

	('Matrix Fitness', 'Leg curl machine', '4WO6C0ND') , 

	('Matrix Fitness', 'Cable machines', 'YDVBIZ46') , 

	('Matrix Fitness', 'Smith machines', 'R87JUK1I') , 

	('Matrix Fitness', 'Multi-station machines', 'V3ANDXG2') , 

	('Matrix Fitness', 'Dumbbells', '91BVOWHD') , 

	('Matrix Fitness', 'Barbells', '8Y0Q2RDW') , 

	('Matrix Fitness', 'Kettlebells', 'MJ71WQG8') , 

	('Matrix Fitness', 'TRX suspension trainers', '8KLWOIZN') , 

	('Matrix Fitness', 'Medicine balls', '8VGUIRAO') , 

	('Matrix Fitness', 'Resistance bands', 'QYOWCPHK') , 

	('Matrix Fitness', 'Bosu balls', 'IA10MEBZ') , 

	('Matrix Fitness', 'Plyometric boxes', 'JTUC0SWP') , 

	('Matrix Fitness', 'Cable crossover machines', 'AUQI3MET') , 

	('Matrix Fitness', 'Hack squat machines', '1M4CN0R8') , 

	('Matrix Fitness', 'Assisted pull-up/dip machines', '27Q60MH3') , 

	('Matrix Fitness', 'Glute machines', 'F0USJGN2') , 

	('Matrix Fitness', 'Abdominal machines', '2XU5N9Y7') , 

	('Cybex', 'Treadmills', 'G3BY7TX5') , 

	('Cybex', 'Elliptical trainers', 'CVZ75WP8') , 

	('Cybex', 'Stationary bicycles (upright and recumbent)', 'MEHXSJGC') , 

	('Cybex', 'Rowing machines', 'F7LAIZBC') , 

	('Cybex', 'Chest press machine', 'Y3HW9KZG') , 

	('Cybex', 'Leg press machine', 'ZEMAPOB8') , 

	('Cybex', 'Lat pulldown machine', 'L42XVSM6') , 

	('Cybex', 'Leg extension machine', 'SRO06QYM') , 

	('Cybex', 'Leg curl machine', 'JYX0QUN5') , 

	('Cybex', 'Cable machines', 'TFZC1PHV') , 

	('Cybex', 'Smith machines', 'PY1KN6RI') , 

	('Cybex', 'Multi-station machines', '8BZU4XDY') , 

	('Cybex', 'Dumbbells', 'ECVNM6SB') , 

	('Cybex', 'Barbells', 'GHPVJL9I') , 

	('Cybex', 'Kettlebells', 'U0Q5WC2Z') , 

	('Cybex', 'TRX suspension trainers', 'AX635SFR') , 

	('Cybex', 'Medicine balls', '6B4HSGP3') , 

	('Cybex', 'Resistance bands', 'Z8IB47MA') , 

	('Cybex', 'Bosu balls', 'Q3EVALIJ') , 

	('Cybex', 'Plyometric boxes', 'AQND75ZF') , 

	('Cybex', 'Cable crossover machines', 'I1FGLA2C') , 

	('Cybex', 'Hack squat machines', 'RIPLX6ZE') , 

	('Cybex', 'Assisted pull-up/dip machines', 'JA3PZUOC') , 

	('Cybex', 'Glute machines', 'RB0F35HE') , 

	('Cybex', 'Abdominal machines', 'GVES1KTN') , 

	('Hammer Strength', 'Treadmills', 'TLQOEV2I') , 

	('Hammer Strength', 'Elliptical trainers', 'J4RAK1NG') , 

	('Hammer Strength', 'Stationary bicycles (upright and recumbent)', 'XRLO5WYD') , 

	('Hammer Strength', 'Rowing machines', 'K79C4ZTG') , 

	('Hammer Strength', 'Chest press machine', 'TE4FK1SO') , 

	('Hammer Strength', 'Leg press machine', 'ALHWIFV6') , 

	('Hammer Strength', 'Lat pulldown machine', '8YARJHLW') , 

	('Hammer Strength', 'Leg extension machine', 'IXHREY38') , 

	('Hammer Strength', 'Leg curl machine', 'RGCM3VBW') , 

	('Hammer Strength', 'Cable machines', 'CMRI9A2L') , 

	('Hammer Strength', 'Smith machines', '60RI8C9X') , 

	('Hammer Strength', 'Multi-station machines', 'JZBC048Q') , 

	('Hammer Strength', 'Dumbbells', 'SZBGWVMP') , 

	('Hammer Strength', 'Barbells', 'TIFYX8SW') , 

	('Hammer Strength', 'Kettlebells', '7U3CV8W1') , 

	('Hammer Strength', 'TRX suspension trainers', 'SK62L1MH') , 

	('Hammer Strength', 'Medicine balls', 'Z8FAPG7S') , 

	('Hammer Strength', 'Resistance bands', 'O6N7QG3R') , 

	('Hammer Strength', 'Bosu balls', 'PVJ42SBZ') , 

	('Hammer Strength', 'Plyometric boxes', 'GVU5TFLK') , 

	('Hammer Strength', 'Cable crossover machines', 'WBC1O3I2') , 

	('Hammer Strength', 'Hack squat machines', 'PWL9DUF4') , 

	('Hammer Strength', 'Assisted pull-up/dip machines', 'ZUBAFYGW') , 

	('Hammer Strength', 'Glute machines', 'A5TJISBY') , 

	('Hammer Strength', 'Abdominal machines', 'YJOXI3N7') , 

	('Nautilus', 'Treadmills', 'ZP5GJVRO') , 

	('Nautilus', 'Elliptical trainers', 'K980IP7H') , 

	('Nautilus', 'Stationary bicycles (upright and recumbent)', '3W2JLKO8') , 

	('Nautilus', 'Rowing machines', 'WA829R6B') , 

	('Nautilus', 'Chest press machine', 'LOCP6Y7Z') , 

	('Nautilus', 'Leg press machine', 'GSTQBYV8') , 

	('Nautilus', 'Lat pulldown machine', 'T6L5PSCU') , 

	('Nautilus', 'Leg extension machine', '9N6YQ051') , 

	('Nautilus', 'Leg curl machine', 'XIACYQ06') , 

	('Nautilus', 'Cable machines', 'ODKJXI60') , 

	('Nautilus', 'Smith machines', 'AOHJVEF8') , 

	('Nautilus', 'Multi-station machines', '9I7TN1ZG') , 

	('Nautilus', 'Dumbbells', 'E0KV6G97') , 

	('Nautilus', 'Barbells', 'R6L3BMY5') , 

	('Nautilus', 'Kettlebells', 'BYXL7S1D') , 

	('Nautilus', 'TRX suspension trainers', 'SGBPY96N') , 

	('Nautilus', 'Medicine balls', 'L47HZ3UG') , 

	('Nautilus', 'Resistance bands', 'QX6UNFJA') , 

	('Nautilus', 'Bosu balls', 'R8VKINQG') , 

	('Nautilus', 'Plyometric boxes', 'PTX1SCVU') , 

	('Nautilus', 'Cable crossover machines', 'A7ODE4GC') , 

	('Nautilus', 'Hack squat machines', 'L9FHYSED') , 

	('Nautilus', 'Assisted pull-up/dip machines', 'EK71JN9V') , 

	('Nautilus', 'Glute machines', 'ZH8L1ETA') , 

	('Nautilus', 'Abdominal machines', 'PMXGBEW5') , 

	('Star Trac', 'Treadmills', 'ABRJZWUS') , 

	('Star Trac', 'Elliptical trainers', 'YA4QX3ME') , 

	('Star Trac', 'Stationary bicycles (upright and recumbent)', 'UGY2ZM9K') , 

	('Star Trac', 'Rowing machines', '54LAXPFI') , 

	('Star Trac', 'Chest press machine', '7EGTFWXU') , 

	('Star Trac', 'Leg press machine', '5FMLTSHQ') , 

	('Star Trac', 'Lat pulldown machine', 'KCEOBARX') , 

	('Star Trac', 'Leg extension machine', 'OFARNZPK') , 

	('Star Trac', 'Leg curl machine', 'WC2GKU01') , 

	('Star Trac', 'Cable machines', 'SR452XI6') , 

	('Star Trac', 'Smith machines', 'UW82HCVM') , 

	('Star Trac', 'Multi-station machines', 'LSOVNBUR') , 

	('Star Trac', 'Dumbbells', 'L0S2FMQA') , 

	('Star Trac', 'Barbells', 'W30NOBKY') , 

	('Star Trac', 'Kettlebells', 'I6ESO1VM') , 

	('Star Trac', 'TRX suspension trainers', 'WLK9N2FZ') , 

	('Star Trac', 'Medicine balls', 'UEYGZH2A') , 

	('Star Trac', 'Resistance bands', 'N0ESHILF') , 

	('Star Trac', 'Bosu balls', '0D8OE9B2') , 

	('Star Trac', 'Plyometric boxes', 'DZXELWG4') , 

	('Star Trac', 'Cable crossover machines', '8P7SVNY6') , 

	('Star Trac', 'Hack squat machines', 'T09WZLKA') , 

	('Star Trac', 'Assisted pull-up/dip machines', '53GICABJ') , 

	('Star Trac', 'Glute machines', 'VPANX09O') , 

	('Star Trac', 'Abdominal machines', '9G1AHVCY') , 

	('Octane Fitness', 'Treadmills', '1FZM5PY4') , 

	('Octane Fitness', 'Elliptical trainers', 'S32JQ0FO') , 

	('Octane Fitness', 'Stationary bicycles (upright and recumbent)', 'D89XIHMR') , 

	('Octane Fitness', 'Rowing machines', 'MQP1GW68') , 

	('Octane Fitness', 'Chest press machine', 'N08DWFM4') , 

	('Octane Fitness', 'Leg press machine', 'BASTYRC7') , 

	('Octane Fitness', 'Lat pulldown machine', 'UB7WE804') , 

	('Octane Fitness', 'Leg extension machine', '0ZTMJ4HD') , 

	('Octane Fitness', 'Leg curl machine', 'HC1R345W') , 

	('Octane Fitness', 'Cable machines', 'L1RDXKGB') , 

	('Octane Fitness', 'Smith machines', '6AWBHXUN') , 

	('Octane Fitness', 'Multi-station machines', 'E8OPR179') , 

	('Octane Fitness', 'Dumbbells', '02T51CPL') , 

	('Octane Fitness', 'Barbells', 'JEIRG1Z3') , 

	('Octane Fitness', 'Kettlebells', 'AHWK2YJG') , 

	('Octane Fitness', 'TRX suspension trainers', '0Z6NAEG3') , 

	('Octane Fitness', 'Medicine balls', 'Q1BMOLD9') , 

	('Octane Fitness', 'Resistance bands', '1QWGZLVP') , 

	('Octane Fitness', 'Bosu balls', 'RLG7D8C4') , 

	('Octane Fitness', 'Plyometric boxes', 'OL5TP0B3') , 

	('Octane Fitness', 'Cable crossover machines', 'EFDXT29O') , 

	('Octane Fitness', 'Hack squat machines', '89WCXHFP') , 

	('Octane Fitness', 'Assisted pull-up/dip machines', 'BLQH897S') , 

	('Octane Fitness', 'Glute machines', '8RKD531C') , 

	('Octane Fitness', 'Abdominal machines', 'T6U74OCG') , 

	('Keiser', 'Treadmills', 'GQRF3I9W') , 

	('Keiser', 'Elliptical trainers', 'OFBSCUL0') , 

	('Keiser', 'Stationary bicycles (upright and recumbent)', '5GX64MOV') , 

	('Keiser', 'Rowing machines', 'L8WO32NF') , 

	('Keiser', 'Chest press machine', 'SLT3IGCW') , 

	('Keiser', 'Leg press machine', 'GTN6BC7U') , 

	('Keiser', 'Lat pulldown machine', '0UJVBE72') , 

	('Keiser', 'Leg extension machine', 'BMK7JGXE') , 

	('Keiser', 'Leg curl machine', '59XHWNML') , 

	('Keiser', 'Cable machines', 'HMZUNK7R') , 

	('Keiser', 'Smith machines', 'D89HBNW2') , 

	('Keiser', 'Multi-station machines', '2ECB94RY') , 

	('Keiser', 'Dumbbells', 'W5BI9M80') , 

	('Keiser', 'Barbells', 'P82UKJLG') , 

	('Keiser', 'Kettlebells', 'UKQYTNIB') , 

	('Keiser', 'TRX suspension trainers', 'XQUO04L5') , 

	('Keiser', 'Medicine balls', 'U5LZ2JHV') , 

	('Keiser', 'Resistance bands', 'ZVECI0MJ') , 

	('Keiser', 'Bosu balls', 'SZP7H18D') , 

	('Keiser', 'Plyometric boxes', '5IQNDELF') , 

	('Keiser', 'Cable crossover machines', 'TOQ3HRE6') , 

	('Keiser', 'Hack squat machines', 'V1Q9H0CG') , 

	('Keiser', 'Assisted pull-up/dip machines', 'GMQXVF42') , 

	('Keiser', 'Glute machines', '13FH7AY6') , 

	('Keiser', 'Abdominal machines', 'WV5TN7I6') , 

	('Body-Solid', 'Treadmills', '6FTC5BID') , 

	('Body-Solid', 'Elliptical trainers', 'FEL2TPJU') , 

	('Body-Solid', 'Stationary bicycles (upright and recumbent)', 'B9KS4IMU') , 

	('Body-Solid', 'Rowing machines', 'QAIVDBU0') , 

	('Body-Solid', 'Chest press machine', 'QVM08IK7') , 

	('Body-Solid', 'Leg press machine', 'JRHBGWSZ') , 

	('Body-Solid', 'Lat pulldown machine', '2MOIFEQC') , 

	('Body-Solid', 'Leg extension machine', '650PFJ4H') , 

	('Body-Solid', 'Leg curl machine', '5PLHYG3F') , 

	('Body-Solid', 'Cable machines', 'UPJGBQZ9') , 

	('Body-Solid', 'Smith machines', 'UD9BSXN5') , 

	('Body-Solid', 'Multi-station machines', 'JAZ4G72L') , 

	('Body-Solid', 'Dumbbells', 'RPSFC41I') , 

	('Body-Solid', 'Barbells', 'AHSKFJXQ') , 

	('Body-Solid', 'Kettlebells', '04TV5LSI') , 

	('Body-Solid', 'TRX suspension trainers', 'LJKMY3QI') , 

	('Body-Solid', 'Medicine balls', '57WOARTI') , 

	('Body-Solid', 'Resistance bands', '5478H2QF') , 

	('Body-Solid', 'Bosu balls', '2VN9MDKZ') , 

	('Body-Solid', 'Plyometric boxes', 'RMKA8LJ6') , 

	('Body-Solid', 'Cable crossover machines', 'AE284MPD') , 

	('Body-Solid', 'Hack squat machines', 'R3JPK190') , 

	('Body-Solid', 'Assisted pull-up/dip machines', 'F4M9W5JE') , 

	('Body-Solid', 'Glute machines', 'DOZNSBYC') , 

	('Body-Solid', 'Abdominal machines', 'QCFNDK9H') , 

	('Hoist Fitness', 'Treadmills', 'E5O8Y3QI') , 

	('Hoist Fitness', 'Elliptical trainers', 'KSI3M7ZU') , 

	('Hoist Fitness', 'Stationary bicycles (upright and recumbent)', 'G8U9DRZ0') , 

	('Hoist Fitness', 'Rowing machines', 'KJBIM3Y9') , 

	('Hoist Fitness', 'Chest press machine', 'JT2DCKR0') , 

	('Hoist Fitness', 'Leg press machine', 'F124MXVZ') , 

	('Hoist Fitness', 'Lat pulldown machine', '8OF1CEZ9') , 

	('Hoist Fitness', 'Leg extension machine', '3KVR8JA9') , 

	('Hoist Fitness', 'Leg curl machine', 'AMBR586F') , 

	('Hoist Fitness', 'Cable machines', '0CXPMN5Z') , 

	('Hoist Fitness', 'Smith machines', 'DYAQZXPM') , 

	('Hoist Fitness', 'Multi-station machines', 'RWSK5N0P') , 

	('Hoist Fitness', 'Dumbbells', '2RNQ9MXZ') , 

	('Hoist Fitness', 'Barbells', 'XZOLPGIY') , 

	('Hoist Fitness', 'Kettlebells', 'NS3QVEJR') , 

	('Hoist Fitness', 'TRX suspension trainers', 'Q1VJ037K') , 

	('Hoist Fitness', 'Medicine balls', 'YWU0OTBR') , 

	('Hoist Fitness', 'Resistance bands', 'KR62HJ3A') , 

	('Hoist Fitness', 'Bosu balls', 'SET365W4') , 

	('Hoist Fitness', 'Plyometric boxes', 'KTO7G43W') , 

	('Hoist Fitness', 'Cable crossover machines', 'C90MEBI2') , 

	('Hoist Fitness', 'Hack squat machines', '2WOJ8SVA') , 

	('Hoist Fitness', 'Assisted pull-up/dip machines', '4O6M5DIT') , 

	('Hoist Fitness', 'Glute machines', 'OV9CUEGJ') , 

	('Hoist Fitness', 'Abdominal machines', 'IY531NQ8') , 

	('Rogue Fitness', 'Treadmills', 'MTS0W9VK') , 

	('Rogue Fitness', 'Elliptical trainers', 'JXHAZRDS') , 

	('Rogue Fitness', 'Stationary bicycles (upright and recumbent)', 'SOM4NUAC') , 

	('Rogue Fitness', 'Rowing machines', 'ZRDE58JC') , 

	('Rogue Fitness', 'Chest press machine', '7QNBEK8L') , 

	('Rogue Fitness', 'Leg press machine', '6ID12MZV') , 

	('Rogue Fitness', 'Lat pulldown machine', '7Q643JRD') , 

	('Rogue Fitness', 'Leg extension machine', '78TL21D6') , 

	('Rogue Fitness', 'Leg curl machine', '76G95XDT') , 

	('Rogue Fitness', 'Cable machines', 'AGC30KYU') , 

	('Rogue Fitness', 'Smith machines', '4TZAH1IS') , 

	('Rogue Fitness', 'Multi-station machines', 'BRCX6EK8') , 

	('Rogue Fitness', 'Dumbbells', 'C8GA6KON') , 

	('Rogue Fitness', 'Barbells', 'KDRVSGB5') , 

	('Rogue Fitness', 'Kettlebells', 'KDOGIMER') , 

	('Rogue Fitness', 'TRX suspension trainers', 'W6MP45ZV') , 

	('Rogue Fitness', 'Medicine balls', '6R5XKIY9') , 

	('Rogue Fitness', 'Resistance bands', '7C38AYG0') , 

	('Rogue Fitness', 'Bosu balls', 'T6AXRH1N') , 

	('Rogue Fitness', 'Plyometric boxes', '6CNO3VIJ') , 

	('Rogue Fitness', 'Cable crossover machines', 'MC82PDRN') , 

	('Rogue Fitness', 'Hack squat machines', 'PF8CWIQ7') , 

	('Rogue Fitness', 'Assisted pull-up/dip machines', '3JUYC2T0') , 

	('Rogue Fitness', 'Glute machines', 'BSXWGFNV') , 

	('Rogue Fitness', 'Abdominal machines', '68BLIKJH') , 

	('Inspire Fitness', 'Treadmills', 'FW65CGXV') , 

	('Inspire Fitness', 'Elliptical trainers', 'TW7M3QE9') , 

	('Inspire Fitness', 'Stationary bicycles (upright and recumbent)', 'EB8IAUCD') , 

	('Inspire Fitness', 'Rowing machines', 'DQP3F6HY') , 

	('Inspire Fitness', 'Chest press machine', 'DQ8PFVI5') , 

	('Inspire Fitness', 'Leg press machine', 'E4V785BN') , 

	('Inspire Fitness', 'Lat pulldown machine', '5VI79GXU') , 

	('Inspire Fitness', 'Leg extension machine', 'PSK702ZA') , 

	('Inspire Fitness', 'Leg curl machine', '1WBICG0A') , 

	('Inspire Fitness', 'Cable machines', 'MHZGEO3V') , 

	('Inspire Fitness', 'Smith machines', 'QL7UHV8C') , 

	('Inspire Fitness', 'Multi-station machines', 'KQTDBU89') , 

	('Inspire Fitness', 'Dumbbells', 'OEGD29SK') , 

	('Inspire Fitness', 'Barbells', '09LDQ2MY') , 

	('Inspire Fitness', 'Kettlebells', 'F0ZPLTAI') , 

	('Inspire Fitness', 'TRX suspension trainers', 'LUX1GF64') , 

	('Inspire Fitness', 'Medicine balls', 'F8TK7N91') , 

	('Inspire Fitness', 'Resistance bands', 'DW1XI0BU') , 

	('Inspire Fitness', 'Bosu balls', 'PEOSV8MR') , 

	('Inspire Fitness', 'Plyometric boxes', 'J7OSUAN9') , 

	('Inspire Fitness', 'Cable crossover machines', 'LDW5Z8JH') , 

	('Inspire Fitness', 'Hack squat machines', '9JBKEIHP') , 

	('Inspire Fitness', 'Assisted pull-up/dip machines', '5Z41M2S3') , 

	('Inspire Fitness', 'Glute machines', 'CJ4I9B28') , 

	('Inspire Fitness', 'Abdominal machines', '6DI1BVJQ') , 

	('Bodycraft', 'Treadmills', 'XDOQ5V0M') , 

	('Bodycraft', 'Elliptical trainers', '74G098K2') , 

	('Bodycraft', 'Stationary bicycles (upright and recumbent)', 'ZOVYDP2H') , 

	('Bodycraft', 'Rowing machines', '1P6QES3V') , 

	('Bodycraft', 'Chest press machine', '9HJTKZ1I') , 

	('Bodycraft', 'Leg press machine', 'GTX1JZIK') , 

	('Bodycraft', 'Lat pulldown machine', '21MPXKZQ') , 

	('Bodycraft', 'Leg extension machine', 'IFHYLNQ0') , 

	('Bodycraft', 'Leg curl machine', '9RA84ZFG') , 

	('Bodycraft', 'Cable machines', 'IDB5NUTF') , 

	('Bodycraft', 'Smith machines', 'O08ALTRW') , 

	('Bodycraft', 'Multi-station machines', 'EH3KVP58') , 

	('Bodycraft', 'Dumbbells', '3RWGZQ25') , 

	('Bodycraft', 'Barbells', 'V2QC5W9I') , 

	('Bodycraft', 'Kettlebells', 'VE28XLTJ') , 

	('Bodycraft', 'TRX suspension trainers', 'A693JN0G') , 

	('Bodycraft', 'Medicine balls', '9GHSMBJL') , 

	('Bodycraft', 'Resistance bands', '6F1UR4NG') , 

	('Bodycraft', 'Bosu balls', 'YA7UG10R') , 

	('Bodycraft', 'Plyometric boxes', 'EX48YSNZ') , 

	('Bodycraft', 'Cable crossover machines', 'H1834SJQ') , 

	('Bodycraft', 'Hack squat machines', 'WGDK658Y') , 

	('Bodycraft', 'Assisted pull-up/dip machines', 'S92NCJ5K') , 

	('Bodycraft', 'Glute machines', 'T9OB023D') , 

	('Bodycraft', 'Abdominal machines', 'WP3BQ7DG') , 

	('ProForm', 'Treadmills', '3G7OFSER') , 

	('ProForm', 'Elliptical trainers', 'FV2E5QNI') , 

	('ProForm', 'Stationary bicycles (upright and recumbent)', 'A3YIES6X') , 

	('ProForm', 'Rowing machines', 'TH8PYV4O') , 

	('ProForm', 'Chest press machine', 'LUDVX57G') , 

	('ProForm', 'Leg press machine', '5EWMPY6L') , 

	('ProForm', 'Lat pulldown machine', 'HTA73Z6D') , 

	('ProForm', 'Leg extension machine', 'VWOPEN69') , 

	('ProForm', 'Leg curl machine', '40E9KRYF') , 

	('ProForm', 'Cable machines', 'E3J8LTCR') , 

	('ProForm', 'Smith machines', '2O50JVTP') , 

	('ProForm', 'Multi-station machines', '42S5Y1VC') , 

	('ProForm', 'Dumbbells', '8FZR4ISN') , 

	('ProForm', 'Barbells', 'TY21COMN') , 

	('ProForm', 'Kettlebells', '8ZJ4X9TI') , 

	('ProForm', 'TRX suspension trainers', 'WVU50E4T') , 

	('ProForm', 'Medicine balls', 'FMNYGOKU') , 

	('ProForm', 'Resistance bands', 'KLEPRX90') , 

	('ProForm', 'Bosu balls', 'O59XPAS3') , 

	('ProForm', 'Plyometric boxes', 'TCWPRKOE') , 

	('ProForm', 'Cable crossover machines', 'IPR4WXK1') , 

	('ProForm', 'Hack squat machines', '4W2TH9MK') , 

	('ProForm', 'Assisted pull-up/dip machines', 'QVBTSCAK') , 

	('ProForm', 'Glute machines', '4MP0YGLR') , 

	('ProForm', 'Abdominal machines', 'X8YIKLJP') , 

	('NordicTrack', 'Treadmills', '93PCXJ0O') , 

	('NordicTrack', 'Elliptical trainers', '0HLJ5BK3') , 

	('NordicTrack', 'Stationary bicycles (upright and recumbent)', '4IS6DO8N') , 

	('NordicTrack', 'Rowing machines', '0NWRGB3D') , 

	('NordicTrack', 'Chest press machine', '72SKMXF5') , 

	('NordicTrack', 'Leg press machine', 'NCH1MTG9') , 

	('NordicTrack', 'Lat pulldown machine', 'VTGW5IKQ') , 

	('NordicTrack', 'Leg extension machine', 'OGXWAY56') , 

	('NordicTrack', 'Leg curl machine', 'S09F8U31') , 

	('NordicTrack', 'Cable machines', 'F34NABJ9') , 

	('NordicTrack', 'Smith machines', 'UT5SJ6M2') , 

	('NordicTrack', 'Multi-station machines', 'QZUR342A') , 

	('NordicTrack', 'Dumbbells', 'OBDP6NZJ') , 

	('NordicTrack', 'Barbells', 'S406ZTJ3') , 

	('NordicTrack', 'Kettlebells', 'R4PAO5MZ') , 

	('NordicTrack', 'TRX suspension trainers', 'L6YIKWCM') , 

	('NordicTrack', 'Medicine balls', 'I3C4FHZR') , 

	('NordicTrack', 'Resistance bands', 'T734NSG9') , 

	('NordicTrack', 'Bosu balls', 'QCTUM3ED') , 

	('NordicTrack', 'Plyometric boxes', 'AZK57PVE') , 

	('NordicTrack', 'Cable crossover machines', 'JX423AOQ') , 

	('NordicTrack', 'Hack squat machines', 'NP18SAT2') , 

	('NordicTrack', 'Assisted pull-up/dip machines', '24BRCFLI') , 

	('NordicTrack', 'Glute machines', '0JE7HWK4') , 

	('NordicTrack', 'Abdominal machines', 'C5LT7MAE') , 

	('Bowflex', 'Treadmills', '9KHLTVBE') , 

	('Bowflex', 'Elliptical trainers', 'I7UO0XCB') , 

	('Bowflex', 'Stationary bicycles (upright and recumbent)', '75QVRSYE') , 

	('Bowflex', 'Rowing machines', 'ZE57VLIO') , 

	('Bowflex', 'Chest press machine', 'DYGVZ8M1') , 

	('Bowflex', 'Leg press machine', 'AS4W0GN1') , 

	('Bowflex', 'Lat pulldown machine', 'WAXG1J4K') , 

	('Bowflex', 'Leg extension machine', 'EF1XLDR4') , 

	('Bowflex', 'Leg curl machine', 'CGPL2BH5') , 

	('Bowflex', 'Cable machines', '01P4WA83') , 

	('Bowflex', 'Smith machines', 'NGYR4HBF') , 

	('Bowflex', 'Multi-station machines', 'BTXCZMQ7') , 

	('Bowflex', 'Dumbbells', 'MRH0OL8K') , 

	('Bowflex', 'Barbells', '1KIHSMQ5') , 

	('Bowflex', 'Kettlebells', 'YB1PUZA9') , 

	('Bowflex', 'TRX suspension trainers', 'BJ7DQLOG') , 

	('Bowflex', 'Medicine balls', 'R7JZFNEA') , 

	('Bowflex', 'Resistance bands', 'E3WRYMZ4') , 

	('Bowflex', 'Bosu balls', '9QGKFV2E') , 

	('Bowflex', 'Plyometric boxes', 'FCR3M2Q5') , 

	('Bowflex', 'Cable crossover machines', 'PKA4NOX5') , 

	('Bowflex', 'Hack squat machines', 'OQL97AS0') , 

	('Bowflex', 'Assisted pull-up/dip machines', 'TKQEYG9C') , 

	('Bowflex', 'Glute machines', 'TN3AHCSK') , 

	('Bowflex', 'Abdominal machines', 'IHZFKWV2') , 

	('Schwinn Fitness', 'Treadmills', 'PZH1N5DJ') , 

	('Schwinn Fitness', 'Elliptical trainers', 'BHGDWU1F') , 

	('Schwinn Fitness', 'Stationary bicycles (upright and recumbent)', 'XLWO4KRU') , 

	('Schwinn Fitness', 'Rowing machines', 'U03JQ7CY') , 

	('Schwinn Fitness', 'Chest press machine', '04T38DEP') , 

	('Schwinn Fitness', 'Leg press machine', 'FSL6OD0N') , 

	('Schwinn Fitness', 'Lat pulldown machine', 'MUOB6RSE') , 

	('Schwinn Fitness', 'Leg extension machine', 'YTQX0KGJ') , 

	('Schwinn Fitness', 'Leg curl machine', 'C7HQ1EB8') , 

	('Schwinn Fitness', 'Cable machines', 'TZE4NRLC') , 

	('Schwinn Fitness', 'Smith machines', 'M3X65GIN') , 

	('Schwinn Fitness', 'Multi-station machines', 'K875ZT03') , 

	('Schwinn Fitness', 'Dumbbells', 'S1LH5RDF') , 

	('Schwinn Fitness', 'Barbells', 'IQE920GX') , 

	('Schwinn Fitness', 'Kettlebells', 'IECUWXBO') , 

	('Schwinn Fitness', 'TRX suspension trainers', 'FZNOJTRU') , 

	('Schwinn Fitness', 'Medicine balls', 'ZSLMFT4I') , 

	('Schwinn Fitness', 'Resistance bands', 'JSFKCQP6') , 

	('Schwinn Fitness', 'Bosu balls', 'NGZVR3TO') , 

	('Schwinn Fitness', 'Plyometric boxes', 'T1SLX9WK') , 

	('Schwinn Fitness', 'Cable crossover machines', '5FC62IP7') , 

	('Schwinn Fitness', 'Hack squat machines', 'RT3SBZGU') , 

	('Schwinn Fitness', 'Assisted pull-up/dip machines', 'EF24TWCO') , 

	('Schwinn Fitness', 'Glute machines', 'CFZSXAN1') , 

	('Schwinn Fitness', 'Abdominal machines', 'GXWFCAP7') , 

	('Sole Fitness', 'Treadmills', 'LIAXVYWN') , 

	('Sole Fitness', 'Elliptical trainers', '7EDZ1N3M') , 

	('Sole Fitness', 'Stationary bicycles (upright and recumbent)', 'U7J6R2CO') , 

	('Sole Fitness', 'Rowing machines', 'JYW356LQ') , 

	('Sole Fitness', 'Chest press machine', 'Z54876WU') , 

	('Sole Fitness', 'Leg press machine', '685OXFVJ') , 

	('Sole Fitness', 'Lat pulldown machine', 'FMEVUSZ0') , 

	('Sole Fitness', 'Leg extension machine', 'D4MJ79XW') , 

	('Sole Fitness', 'Leg curl machine', '1LOT02AP') , 

	('Sole Fitness', 'Cable machines', 'PA127T3L') , 

	('Sole Fitness', 'Smith machines', 'YR8D6OXL') , 

	('Sole Fitness', 'Multi-station machines', 'F0BES6JR') , 

	('Sole Fitness', 'Dumbbells', 'BR6SNIUC') , 

	('Sole Fitness', 'Barbells', 'T9LQWKYE') , 

	('Sole Fitness', 'Kettlebells', '3KLN64OH') , 

	('Sole Fitness', 'TRX suspension trainers', '7G6QOJ30') , 

	('Sole Fitness', 'Medicine balls', '2JIP95QO') , 

	('Sole Fitness', 'Resistance bands', 'U1QWA9VX') , 

	('Sole Fitness', 'Bosu balls', 'FZX12RDQ') , 

	('Sole Fitness', 'Plyometric boxes', '32JACB1L') , 

	('Sole Fitness', 'Cable crossover machines', 'QI7OU9SV') , 

	('Sole Fitness', 'Hack squat machines', 'OJ49NZL1') , 

	('Sole Fitness', 'Assisted pull-up/dip machines', 'DU1XALK0') , 

	('Sole Fitness', 'Glute machines', 'JMYUB4EI') , 

	('Sole Fitness', 'Abdominal machines', 'QNRKIJ8G') ;

INSERT INTO equipment_details(space_id,barcode,equipment_id,last_check_date)
	VALUES

	(11, '5V3PBSMZ', 1, '2023-08-21') ,
	(12, '5V3PBSMZ', 2, '2023-08-15') ,
	(13, '5V3PBSMZ', 3, '2023-06-04') ,
	(14, '5V3PBSMZ', 4, '2023-11-13') ,
	(15, 'ANQTHUDP', 1, '2023-09-15') ,
	(16, 'HQFL1OCN', 1, '2023-07-21') ,
	(17, 'HQFL1OCN', 2, '2023-10-24') ,
	(18, 'HQFL1OCN', 3, '2023-09-06') ,
	(19, 'HQFL1OCN', 4, '2023-07-16') ,
	(20, 'HQFL1OCN', 5, '2023-05-09') ,
	(21, 'C3DNGBUX', 1, '2023-08-02') ,
	(22, 'C3DNGBUX', 2, '2023-11-04') ,
	(23, 'C3DNGBUX', 3, '2023-11-02') ,
	(24, 'C3DNGBUX', 4, '2023-07-10') ,
	(25, 'UYONIQJ7', 1, '2023-11-19') ,
	(26, 'UYONIQJ7', 2, '2023-05-22') ,
	(27, 'SVIXPO0B', 1, '2023-08-17') ,
	(28, 'SVIXPO0B', 2, '2023-11-02') ,
	(29, 'SVIXPO0B', 3, '2023-10-15') ,
	(30, 'NB14T2IY', 1, '2023-06-09') ,
	(31, '5THI8DR1', 1, '2023-06-07') ,
	(32, 'YG847D95', 1, '2023-10-13') ,
	(33, 'YG847D95', 2, '2023-12-03') ,
	(34, 'YG847D95', 3, '2023-08-28') ,
	(35, 'YG847D95', 4, '2023-05-30') ,
	(36, 'PU0C9365', 1, '2023-04-28') ,
	(37, 'PU0C9365', 2, '2023-11-29') ,
	(38, 'PU0C9365', 3, '2023-06-20') ,
	(39, 'PU0C9365', 4, '2023-11-15') ,
	(40, 'RNSOAP3T', 1, '2023-04-11') ,
	(41, '895UEQS2', 1, '2023-10-12') ,
	(42, '895UEQS2', 2, '2023-05-16') ,
	(43, '895UEQS2', 3, '2023-11-17') ,
	(44, '895UEQS2', 4, '2023-10-24') ,
	(45, '895UEQS2', 5, '2023-06-22') ,
	(46, 'BYJ2317X', 1, '2023-10-23') ,
	(47, 'BYJ2317X', 2, '2023-08-22') ,
	(48, '059NQJD4', 1, '2023-11-08') ,
	(49, '470ICSUQ', 1, '2023-09-04') ,
	(50, '470ICSUQ', 2, '2023-07-31') ,
	(11, 'VUJGTOF8', 1, '2023-08-04') ,
	(12, 'VUJGTOF8', 2, '2023-04-03') ,
	(13, 'VUJGTOF8', 3, '2023-10-22') ,
	(14, 'VUJGTOF8', 4, '2023-04-24') ,
	(15, 'VUJGTOF8', 5, '2023-08-19') ,
	(16, 'F6LJAV4X', 1, '2023-10-17') ,
	(17, 'F6LJAV4X', 2, '2023-06-01') ,
	(18, 'F6LJAV4X', 3, '2023-06-17') ,
	(19, 'F6LJAV4X', 4, '2023-11-12') ,
	(20, 'F6LJAV4X', 5, '2023-04-17') ,
	(21, '92CPMSX5', 1, '2023-09-06') ,
	(22, '92CPMSX5', 2, '2023-09-16') ,
	(23, '92CPMSX5', 3, '2023-05-27') ,
	(24, '92CPMSX5', 4, '2023-05-11') ,
	(25, 'RWPLH0Q2', 1, '2023-08-09') ,
	(26, 'RWPLH0Q2', 2, '2023-09-05') ,
	(27, 'RWPLH0Q2', 3, '2023-05-14') ,
	(28, 'S16UA3LI', 1, '2023-05-10') ,
	(29, 'S16UA3LI', 2, '2023-07-26') ,
	(30, 'S16UA3LI', 3, '2023-09-09') ,
	(31, '40ZMAXVK', 1, '2023-11-13') ,
	(32, '40ZMAXVK', 2, '2023-07-06') ,
	(33, '40ZMAXVK', 3, '2023-10-02') ,
	(34, 'Y8J03HWV', 1, '2023-08-05') ,
	(35, 'Y8J03HWV', 2, '2023-04-08') ,
	(36, 'Y8J03HWV', 3, '2023-10-31') ,
	(37, 'XIH26TLK', 1, '2023-04-08') ,
	(38, 'XIH26TLK', 2, '2023-11-06') ,
	(39, 'XIH26TLK', 3, '2023-11-26') ,
	(40, 'NCG812HK', 1, '2023-05-05') ,
	(41, 'N3LX8CKI', 1, '2023-05-15') ,
	(42, 'N3LX8CKI', 2, '2023-08-14') ,
	(43, 'N3LX8CKI', 3, '2023-05-31') ,
	(44, 'N3LX8CKI', 4, '2023-05-09') ,
	(45, 'N3LX8CKI', 5, '2023-05-01') ,
	(46, '5UY7LP1E', 1, '2023-08-06') ,
	(47, 'OAHIQMUL', 1, '2023-07-06') ,
	(48, 'OAHIQMUL', 2, '2023-05-13') ,
	(49, 'OAHIQMUL', 3, '2023-06-05') ,
	(50, 'Z8Y76MLB', 1, '2023-05-27') ,
	(11, 'Z8Y76MLB', 2, '2023-04-11') ,
	(12, 'Z8Y76MLB', 3, '2023-10-13') ,
	(13, 'Z8Y76MLB', 4, '2023-06-09') ,
	(14, 'Z8Y76MLB', 5, '2023-07-11') ,
	(15, 'CLF3UJSM', 1, '2023-05-06') ,
	(16, 'CLF3UJSM', 2, '2023-05-19') ,
	(17, 'CLF3UJSM', 3, '2023-06-18') ,
	(18, 'HGL5WQ2M', 1, '2023-09-30') ,
	(19, 'HGL5WQ2M', 2, '2023-07-02') ,
	(20, 'NEAMSWH0', 1, '2023-08-22') ,
	(21, 'NEAMSWH0', 2, '2023-07-01') ,
	(22, 'NEAMSWH0', 3, '2023-08-14') ,
	(23, 'JZTBMF8Y', 1, '2023-07-18') ,
	(24, 'JZTBMF8Y', 2, '2023-06-07') ,
	(25, 'JZTBMF8Y', 3, '2023-04-10') ,
	(26, 'JZTBMF8Y', 4, '2023-06-22') ,
	(27, 'JZTBMF8Y', 5, '2023-06-09') ,
	(28, '8YJQX6UR', 1, '2023-09-13') ,
	(29, 'NA0UMOJR', 1, '2023-04-13') ,
	(30, 'NA0UMOJR', 2, '2023-09-27') ,
	(31, '4ZBY9NL1', 1, '2023-12-03') ,
	(32, '4ZBY9NL1', 2, '2023-04-25') ,
	(33, '4ZBY9NL1', 3, '2023-04-05') ,
	(34, 'JDQE3POH', 1, '2023-07-04') ,
	(35, '1926MFIJ', 1, '2023-07-11') ,
	(36, 'R70IN3OL', 1, '2023-05-20') ,
	(37, 'R70IN3OL', 2, '2023-04-12') ,
	(38, 'R70IN3OL', 3, '2023-04-22') ,
	(39, 'R70IN3OL', 4, '2023-10-29') ,
	(40, 'R70IN3OL', 5, '2023-08-15') ,
	(41, 'GPU69OCL', 1, '2023-10-09') ,
	(42, 'GPU69OCL', 2, '2023-04-18') ,
	(43, 'GPU69OCL', 3, '2023-12-04') ,
	(44, 'GPU69OCL', 4, '2023-08-02') ,
	(45, 'W2NC4AJ8', 1, '2023-08-21') ,
	(46, 'W2NC4AJ8', 2, '2023-07-08') ,
	(47, 'W2NC4AJ8', 3, '2023-07-22') ,
	(48, 'W2NC4AJ8', 4, '2023-04-04') ,
	(49, '2EV0JCTM', 1, '2023-09-15') ,
	(50, 'CMBAZIKG', 1, '2023-04-30') ,
	(11, 'CMBAZIKG', 2, '2023-04-21') ,
	(12, 'CMBAZIKG', 3, '2023-10-05') ,
	(13, 'N3RDFI6A', 1, '2023-11-17') ,
	(14, 'N3RDFI6A', 2, '2023-08-07') ,
	(15, 'N3RDFI6A', 3, '2023-05-12') ,
	(16, 'PQRWE6D5', 1, '2023-11-25') ,
	(17, 'PQRWE6D5', 2, '2023-06-15') ,
	(18, 'PQRWE6D5', 3, '2023-12-05') ,
	(19, 'PQRWE6D5', 4, '2023-06-22') ,
	(20, 'FK5WX7GT', 1, '2023-05-06') ,
	(21, 'FK5WX7GT', 2, '2023-05-16') ,
	(22, 'FK5WX7GT', 3, '2023-05-29') ,
	(23, 'FK5WX7GT', 4, '2023-10-15') ,
	(24, 'P1L54AOC', 1, '2023-07-27') ,
	(25, 'MSEN96OZ', 1, '2023-06-03') ,
	(26, 'MSEN96OZ', 2, '2023-09-12') ,
	(27, 'MSEN96OZ', 3, '2023-08-08') ,
	(28, 'MSEN96OZ', 4, '2023-05-18') ,
	(29, 'MSEN96OZ', 5, '2023-07-01') ,
	(30, 'KGRPE2HX', 1, '2023-12-01') ,
	(31, 'KGRPE2HX', 2, '2023-06-22') ,
	(32, 'KGRPE2HX', 3, '2023-08-22') ,
	(33, '61YOHZUW', 1, '2023-09-08') ,
	(34, '40FEGNKP', 1, '2023-06-18') ,
	(35, '40FEGNKP', 2, '2023-07-17') ,
	(36, '40FEGNKP', 3, '2023-04-10') ,
	(37, '40FEGNKP', 4, '2023-07-07') ,
	(38, '40FEGNKP', 5, '2023-11-16') ,
	(39, 'YZ0BFNLP', 1, '2023-05-25') ,
	(40, 'YZ0BFNLP', 2, '2023-07-24') ,
	(41, 'YZ0BFNLP', 3, '2023-07-12') ,
	(42, 'YZ0BFNLP', 4, '2023-08-10') ,
	(43, '3WV8RBOK', 1, '2023-06-06') ,
	(44, 'UP8KWH5I', 1, '2023-10-11') ,
	(45, 'UP8KWH5I', 2, '2023-04-16') ,
	(46, 'UP8KWH5I', 3, '2023-05-10') ,
	(47, 'UP8KWH5I', 4, '2023-04-20') ,
	(48, 'UP8KWH5I', 5, '2023-09-11') ,
	(49, 'TWRPB5V0', 1, '2023-04-30') ,
	(50, 'TWRPB5V0', 2, '2023-08-07') ,
	(11, 'TWRPB5V0', 3, '2023-04-23') ,
	(12, 'TWRPB5V0', 4, '2023-05-28') ,
	(13, 'TWRPB5V0', 5, '2023-05-03') ,
	(14, 'UYR1EPT3', 1, '2023-04-11') ,
	(15, 'UYR1EPT3', 2, '2023-09-29') ,
	(16, 'NY9FZVKX', 1, '2023-06-14') ,
	(17, 'NY9FZVKX', 2, '2023-09-11') ,
	(18, 'NY9FZVKX', 3, '2023-07-20') ,
	(19, 'NY9FZVKX', 4, '2023-05-03') ,
	(20, 'NY9FZVKX', 5, '2023-06-28') ,
	(21, 'I3BTP85K', 1, '2023-10-01') ,
	(22, 'I3BTP85K', 2, '2023-04-04') ,
	(23, '25X8YEZD', 1, '2023-07-30') ,
	(24, '25X8YEZD', 2, '2023-06-11') ,
	(25, '25X8YEZD', 3, '2023-04-15') ,
	(26, '25X8YEZD', 4, '2023-04-23') ,
	(27, '25X8YEZD', 5, '2023-04-02') ,
	(28, 'UDXY07ZC', 1, '2023-11-16') ,
	(29, 'UDXY07ZC', 2, '2023-04-02') ,
	(30, 'Z6GN3CYW', 1, '2023-11-02') ,
	(31, 'JZ0PNR7G', 1, '2023-10-25') ,
	(32, 'JZ0PNR7G', 2, '2023-11-09') ,
	(33, 'JZ0PNR7G', 3, '2023-10-19') ,
	(34, 'JZ0PNR7G', 4, '2023-11-17') ,
	(35, 'BHWOQKDG', 1, '2023-07-02') ,
	(36, 'BHWOQKDG', 2, '2023-06-13') ,
	(37, 'BHWOQKDG', 3, '2023-10-05') ,
	(38, 'BHWOQKDG', 4, '2023-10-11') ,
	(39, 'BHWOQKDG', 5, '2023-10-23') ,
	(40, 'X4PCJ325', 1, '2023-11-29') ,
	(41, 'X4PCJ325', 2, '2023-04-29') ,
	(42, 'RWQZA4I2', 1, '2023-11-05') ,
	(43, 'RWQZA4I2', 2, '2023-07-28') ,
	(44, 'ZTBU4P2Y', 1, '2023-08-16') ,
	(45, 'PGU6DL72', 1, '2023-08-05') ,
	(46, 'PGU6DL72', 2, '2023-08-23') ,
	(47, 'PGU6DL72', 3, '2023-07-05') ,
	(48, 'PGU6DL72', 4, '2023-07-11') ,
	(49, 'PGU6DL72', 5, '2023-07-21') ,
	(50, 'UMIT2V8R', 1, '2023-04-09') ,
	(11, 'UMIT2V8R', 2, '2023-07-27') ,
	(12, 'UMIT2V8R', 3, '2023-06-14') ,
	(13, 'EBGIAJ9P', 1, '2023-11-12') ,
	(14, 'EBGIAJ9P', 2, '2023-07-19') ,
	(15, 'EBGIAJ9P', 3, '2023-06-08') ,
	(16, '2YVRUN4X', 1, '2023-09-29') ,
	(17, '2YVRUN4X', 2, '2023-11-23') ,
	(18, '2YVRUN4X', 3, '2023-06-12') ,
	(19, '2YVRUN4X', 4, '2023-10-01') ,
	(20, 'TMJK7ID3', 1, '2023-05-16') ,
	(21, '15LOK7V6', 1, '2023-12-01') ,
	(22, '15LOK7V6', 2, '2023-08-22') ,
	(23, '15LOK7V6', 3, '2023-09-11') ,
	(24, 'AZGQ2YFX', 1, '2023-10-23') ,
	(25, 'AZGQ2YFX', 2, '2023-06-14') ,
	(26, 'AZGQ2YFX', 3, '2023-11-07') ,
	(27, 'AZGQ2YFX', 4, '2023-08-14') ,
	(28, 'AZGQ2YFX', 5, '2023-08-09') ,
	(29, 'PH8TLSA2', 1, '2023-08-22') ,
	(30, 'PH8TLSA2', 2, '2023-11-17') ,
	(31, 'X1MN93CA', 1, '2023-04-03') ,
	(32, 'X1MN93CA', 2, '2023-05-04') ,
	(33, 'X1MN93CA', 3, '2023-10-20') ,
	(34, '1Y8TE7AO', 1, '2023-11-24') ,
	(35, 'BU0EPAQL', 1, '2023-08-05') ,
	(36, 'BU0EPAQL', 2, '2023-07-22') ,
	(37, 'BU0EPAQL', 3, '2023-05-20') ,
	(38, 'BU0EPAQL', 4, '2023-09-09') ,
	(39, 'BU0EPAQL', 5, '2023-10-07') ,
	(40, 'RSXYDPLU', 1, '2023-09-09') ,
	(41, 'RSXYDPLU', 2, '2023-10-16') ,
	(42, 'RSXYDPLU', 3, '2023-09-14') ,
	(43, 'RSXYDPLU', 4, '2023-07-31') ,
	(44, 'G6SCLA85', 1, '2023-07-15') ,
	(45, 'SYUV3T8F', 1, '2023-07-21') ,
	(46, 'SYUV3T8F', 2, '2023-04-15') ,
	(47, 'SYUV3T8F', 3, '2023-08-17') ,
	(48, 'SYUV3T8F', 4, '2023-06-05') ,
	(49, 'SYUV3T8F', 5, '2023-10-26') ,
	(50, 'UV84RF5B', 1, '2023-10-21') ,
	(11, 'UV84RF5B', 2, '2023-06-19') ,
	(12, 'UV84RF5B', 3, '2023-06-10') ,
	(13, 'VYAUHPEI', 1, '2023-04-01') ,
	(14, 'VYAUHPEI', 2, '2023-04-01') ,
	(15, 'VYAUHPEI', 3, '2023-07-08') ,
	(16, 'VYAUHPEI', 4, '2023-07-16') ,
	(17, 'LXHDP6Q5', 1, '2023-09-25') ,
	(18, 'DJN3AUH0', 1, '2023-10-13') ,
	(19, 'DJN3AUH0', 2, '2023-08-13') ,
	(20, 'DJN3AUH0', 3, '2023-09-29') ,
	(21, 'DJN3AUH0', 4, '2023-09-03') ,
	(22, 'DJN3AUH0', 5, '2023-10-14') ,
	(23, '4WO6C0ND', 1, '2023-05-23') ,
	(24, '4WO6C0ND', 2, '2023-08-17') ,
	(25, 'YDVBIZ46', 1, '2023-05-28') ,
	(26, 'YDVBIZ46', 2, '2023-04-05') ,
	(27, 'YDVBIZ46', 3, '2023-04-12') ,
	(28, 'YDVBIZ46', 4, '2023-11-10') ,
	(29, 'R87JUK1I', 1, '2023-11-06') ,
	(30, 'V3ANDXG2', 1, '2023-10-23') ,
	(31, '91BVOWHD', 1, '2023-05-03') ,
	(32, '91BVOWHD', 2, '2023-11-29') ,
	(33, '91BVOWHD', 3, '2023-06-16') ,
	(34, '91BVOWHD', 4, '2023-04-21') ,
	(35, '91BVOWHD', 5, '2023-11-20') ,
	(36, '8Y0Q2RDW', 1, '2023-04-22') ,
	(37, '8Y0Q2RDW', 2, '2023-07-11') ,
	(38, '8Y0Q2RDW', 3, '2023-05-03') ,
	(39, '8Y0Q2RDW', 4, '2023-07-18') ,
	(40, '8Y0Q2RDW', 5, '2023-11-13') ,
	(41, 'MJ71WQG8', 1, '2023-11-15') ,
	(42, 'MJ71WQG8', 2, '2023-08-25') ,
	(43, '8KLWOIZN', 1, '2023-07-17') ,
	(44, '8KLWOIZN', 2, '2023-08-30') ,
	(45, '8KLWOIZN', 3, '2023-09-12') ,
	(46, '8VGUIRAO', 1, '2023-10-18') ,
	(47, '8VGUIRAO', 2, '2023-05-26') ,
	(48, 'QYOWCPHK', 1, '2023-10-05') ,
	(49, 'QYOWCPHK', 2, '2023-07-16') ,
	(50, 'QYOWCPHK', 3, '2023-07-18') ,
	(11, 'QYOWCPHK', 4, '2023-10-27') ,
	(12, 'QYOWCPHK', 5, '2023-11-08') ,
	(13, 'IA10MEBZ', 1, '2023-07-26') ,
	(14, 'IA10MEBZ', 2, '2023-04-24') ,
	(15, 'IA10MEBZ', 3, '2023-10-06') ,
	(16, 'IA10MEBZ', 4, '2023-05-08') ,
	(17, 'JTUC0SWP', 1, '2023-06-21') ,
	(18, 'JTUC0SWP', 2, '2023-09-14') ,
	(19, 'JTUC0SWP', 3, '2023-07-23') ,
	(20, 'AUQI3MET', 1, '2023-09-28') ,
	(21, 'AUQI3MET', 2, '2023-11-26') ,
	(22, 'AUQI3MET', 3, '2023-09-20') ,
	(23, 'AUQI3MET', 4, '2023-09-06') ,
	(24, 'AUQI3MET', 5, '2023-07-06') ,
	(25, '1M4CN0R8', 1, '2023-08-18') ,
	(26, '1M4CN0R8', 2, '2023-09-09') ,
	(27, '1M4CN0R8', 3, '2023-05-23') ,
	(28, '1M4CN0R8', 4, '2023-09-06') ,
	(29, '27Q60MH3', 1, '2023-04-11') ,
	(30, '27Q60MH3', 2, '2023-10-18') ,
	(31, '27Q60MH3', 3, '2023-06-04') ,
	(32, '27Q60MH3', 4, '2023-09-04') ,
	(33, 'F0USJGN2', 1, '2023-05-27') ,
	(34, 'F0USJGN2', 2, '2023-04-29') ,
	(35, 'F0USJGN2', 3, '2023-11-20') ,
	(36, '2XU5N9Y7', 1, '2023-04-11') ,
	(37, '2XU5N9Y7', 2, '2023-06-24') ,
	(38, '2XU5N9Y7', 3, '2023-05-12') ,
	(39, '2XU5N9Y7', 4, '2023-08-23') ,
	(40, '2XU5N9Y7', 5, '2023-05-06') ,
	(41, 'G3BY7TX5', 1, '2023-05-07') ,
	(42, 'G3BY7TX5', 2, '2023-10-28') ,
	(43, 'CVZ75WP8', 1, '2023-08-13') ,
	(44, 'MEHXSJGC', 1, '2023-04-11') ,
	(45, 'MEHXSJGC', 2, '2023-09-01') ,
	(46, 'MEHXSJGC', 3, '2023-04-19') ,
	(47, 'MEHXSJGC', 4, '2023-04-17') ,
	(48, 'MEHXSJGC', 5, '2023-04-16') ,
	(49, 'F7LAIZBC', 1, '2023-08-05') ,
	(50, 'Y3HW9KZG', 1, '2023-09-04') ,
	(11, 'Y3HW9KZG', 2, '2023-06-13') ,
	(12, 'ZEMAPOB8', 1, '2023-09-26') ,
	(13, 'ZEMAPOB8', 2, '2023-07-22') ,
	(14, 'ZEMAPOB8', 3, '2023-05-02') ,
	(15, 'ZEMAPOB8', 4, '2023-08-30') ,
	(16, 'L42XVSM6', 1, '2023-05-13') ,
	(17, 'L42XVSM6', 2, '2023-08-30') ,
	(18, 'L42XVSM6', 3, '2023-10-21') ,
	(19, 'SRO06QYM', 1, '2023-05-05') ,
	(20, 'SRO06QYM', 2, '2023-08-02') ,
	(21, 'SRO06QYM', 3, '2023-11-28') ,
	(22, 'SRO06QYM', 4, '2023-06-17') ,
	(23, 'SRO06QYM', 5, '2023-07-23') ,
	(24, 'JYX0QUN5', 1, '2023-07-02') ,
	(25, 'JYX0QUN5', 2, '2023-09-13') ,
	(26, 'JYX0QUN5', 3, '2023-07-12') ,
	(27, 'TFZC1PHV', 1, '2023-04-18') ,
	(28, 'PY1KN6RI', 1, '2023-08-11') ,
	(29, 'PY1KN6RI', 2, '2023-10-29') ,
	(30, '8BZU4XDY', 1, '2023-04-06') ,
	(31, '8BZU4XDY', 2, '2023-09-10') ,
	(32, '8BZU4XDY', 3, '2023-09-28') ,
	(33, 'ECVNM6SB', 1, '2023-05-16') ,
	(34, 'ECVNM6SB', 2, '2023-08-22') ,
	(35, 'GHPVJL9I', 1, '2023-10-07') ,
	(36, 'GHPVJL9I', 2, '2023-08-22') ,
	(37, 'GHPVJL9I', 3, '2023-10-21') ,
	(38, 'GHPVJL9I', 4, '2023-04-15') ,
	(39, 'U0Q5WC2Z', 1, '2023-11-16') ,
	(40, 'U0Q5WC2Z', 2, '2023-09-29') ,
	(41, 'AX635SFR', 1, '2023-11-14') ,
	(42, 'AX635SFR', 2, '2023-08-24') ,
	(43, 'AX635SFR', 3, '2023-09-08') ,
	(44, 'AX635SFR', 4, '2023-10-04') ,
	(45, '6B4HSGP3', 1, '2023-04-09') ,
	(46, '6B4HSGP3', 2, '2023-05-05') ,
	(47, '6B4HSGP3', 3, '2023-07-10') ,
	(48, 'Z8IB47MA', 1, '2023-05-04') ,
	(49, 'Q3EVALIJ', 1, '2023-08-24') ,
	(50, 'AQND75ZF', 1, '2023-05-22') ,
	(11, 'I1FGLA2C', 1, '2023-04-16') ,
	(12, 'I1FGLA2C', 2, '2023-09-02') ,
	(13, 'I1FGLA2C', 3, '2023-05-25') ,
	(14, 'RIPLX6ZE', 1, '2023-06-29') ,
	(15, 'JA3PZUOC', 1, '2023-04-11') ,
	(16, 'RB0F35HE', 1, '2023-04-03') ,
	(17, 'RB0F35HE', 2, '2023-10-18') ,
	(18, 'RB0F35HE', 3, '2023-09-02') ,
	(19, 'GVES1KTN', 1, '2023-11-14') ,
	(20, 'GVES1KTN', 2, '2023-04-25') ,
	(21, 'GVES1KTN', 3, '2023-07-02') ,
	(22, 'GVES1KTN', 4, '2023-10-04') ,
	(23, 'TLQOEV2I', 1, '2023-08-19') ,
	(24, 'TLQOEV2I', 2, '2023-07-29') ,
	(25, 'J4RAK1NG', 1, '2023-06-12') ,
	(26, 'XRLO5WYD', 1, '2023-07-31') ,
	(27, 'XRLO5WYD', 2, '2023-07-04') ,
	(28, 'XRLO5WYD', 3, '2023-07-22') ,
	(29, 'XRLO5WYD', 4, '2023-06-01') ,
	(30, 'K79C4ZTG', 1, '2023-07-10') ,
	(31, 'K79C4ZTG', 2, '2023-10-17') ,
	(32, 'K79C4ZTG', 3, '2023-11-10') ,
	(33, 'TE4FK1SO', 1, '2023-10-07') ,
	(34, 'TE4FK1SO', 2, '2023-06-03') ,
	(35, 'TE4FK1SO', 3, '2023-05-11') ,
	(36, 'TE4FK1SO', 4, '2023-07-09') ,
	(37, 'ALHWIFV6', 1, '2023-10-26') ,
	(38, '8YARJHLW', 1, '2023-10-03') ,
	(39, '8YARJHLW', 2, '2023-05-16') ,
	(40, '8YARJHLW', 3, '2023-06-18') ,
	(41, '8YARJHLW', 4, '2023-04-07') ,
	(42, 'IXHREY38', 1, '2023-11-23') ,
	(43, 'IXHREY38', 2, '2023-04-09') ,
	(44, 'IXHREY38', 3, '2023-07-10') ,
	(45, 'RGCM3VBW', 1, '2023-11-24') ,
	(46, 'RGCM3VBW', 2, '2023-10-24') ,
	(47, 'CMRI9A2L', 1, '2023-05-26') ,
	(48, 'CMRI9A2L', 2, '2023-08-27') ,
	(49, '60RI8C9X', 1, '2023-04-06') ,
	(50, '60RI8C9X', 2, '2023-08-23') ,
	(11, '60RI8C9X', 3, '2023-05-01') ,
	(12, 'JZBC048Q', 1, '2023-05-06') ,
	(13, 'SZBGWVMP', 1, '2023-10-05') ,
	(14, 'TIFYX8SW', 1, '2023-09-19') ,
	(15, 'TIFYX8SW', 2, '2023-04-24') ,
	(16, '7U3CV8W1', 1, '2023-11-16') ,
	(17, '7U3CV8W1', 2, '2023-10-14') ,
	(18, 'SK62L1MH', 1, '2023-09-23') ,
	(19, 'SK62L1MH', 2, '2023-04-03') ,
	(20, 'SK62L1MH', 3, '2023-06-16') ,
	(21, 'SK62L1MH', 4, '2023-11-27') ,
	(22, 'SK62L1MH', 5, '2023-12-02') ,
	(23, 'Z8FAPG7S', 1, '2023-11-04') ,
	(24, 'Z8FAPG7S', 2, '2023-06-04') ,
	(25, 'Z8FAPG7S', 3, '2023-04-19') ,
	(26, 'Z8FAPG7S', 4, '2023-11-21') ,
	(27, 'Z8FAPG7S', 5, '2023-04-21') ,
	(28, 'O6N7QG3R', 1, '2023-11-10') ,
	(29, 'O6N7QG3R', 2, '2023-11-07') ,
	(30, 'O6N7QG3R', 3, '2023-09-06') ,
	(31, 'O6N7QG3R', 4, '2023-10-09') ,
	(32, 'PVJ42SBZ', 1, '2023-09-05') ,
	(33, 'PVJ42SBZ', 2, '2023-09-30') ,
	(34, 'PVJ42SBZ', 3, '2023-11-10') ,
	(35, 'PVJ42SBZ', 4, '2023-11-07') ,
	(36, 'PVJ42SBZ', 5, '2023-05-10') ,
	(37, 'GVU5TFLK', 1, '2023-12-04') ,
	(38, 'GVU5TFLK', 2, '2023-05-19') ,
	(39, 'GVU5TFLK', 3, '2023-10-03') ,
	(40, 'GVU5TFLK', 4, '2023-11-14') ,
	(41, 'WBC1O3I2', 1, '2023-06-20') ,
	(42, 'WBC1O3I2', 2, '2023-04-26') ,
	(43, 'WBC1O3I2', 3, '2023-05-22') ,
	(44, 'PWL9DUF4', 1, '2023-04-11') ,
	(45, 'PWL9DUF4', 2, '2023-10-30') ,
	(46, 'ZUBAFYGW', 1, '2023-04-15') ,
	(47, 'ZUBAFYGW', 2, '2023-08-23') ,
	(48, 'A5TJISBY', 1, '2023-09-08') ,
	(49, 'A5TJISBY', 2, '2023-04-16') ,
	(50, 'A5TJISBY', 3, '2023-10-13') ,
	(11, 'YJOXI3N7', 1, '2023-07-24') ,
	(12, 'YJOXI3N7', 2, '2023-05-15') ,
	(13, 'ZP5GJVRO', 1, '2023-04-27') ,
	(14, 'ZP5GJVRO', 2, '2023-05-31') ,
	(15, 'ZP5GJVRO', 3, '2023-09-05') ,
	(16, 'ZP5GJVRO', 4, '2023-07-08') ,
	(17, 'ZP5GJVRO', 5, '2023-05-19') ,
	(18, 'K980IP7H', 1, '2023-06-22') ,
	(19, 'K980IP7H', 2, '2023-07-05') ,
	(20, 'K980IP7H', 3, '2023-06-15') ,
	(21, '3W2JLKO8', 1, '2023-07-05') ,
	(22, 'WA829R6B', 1, '2023-10-31') ,
	(23, 'WA829R6B', 2, '2023-04-26') ,
	(24, 'WA829R6B', 3, '2023-07-09') ,
	(25, 'WA829R6B', 4, '2023-07-26') ,
	(26, 'LOCP6Y7Z', 1, '2023-10-25') ,
	(27, 'LOCP6Y7Z', 2, '2023-11-25') ,
	(28, 'LOCP6Y7Z', 3, '2023-08-20') ,
	(29, 'LOCP6Y7Z', 4, '2023-08-14') ,
	(30, 'LOCP6Y7Z', 5, '2023-04-04') ,
	(31, 'GSTQBYV8', 1, '2023-10-07') ,
	(32, 'T6L5PSCU', 1, '2023-04-07') ,
	(33, 'T6L5PSCU', 2, '2023-10-15') ,
	(34, '9N6YQ051', 1, '2023-10-28') ,
	(35, '9N6YQ051', 2, '2023-10-10') ,
	(36, '9N6YQ051', 3, '2023-09-19') ,
	(37, 'XIACYQ06', 1, '2023-04-30') ,
	(38, 'XIACYQ06', 2, '2023-04-16') ,
	(39, 'XIACYQ06', 3, '2023-08-03') ,
	(40, 'XIACYQ06', 4, '2023-10-07') ,
	(41, 'ODKJXI60', 1, '2023-08-18') ,
	(42, 'AOHJVEF8', 1, '2023-08-29') ,
	(43, 'AOHJVEF8', 2, '2023-12-05') ,
	(44, 'AOHJVEF8', 3, '2023-08-16') ,
	(45, '9I7TN1ZG', 1, '2023-11-10') ,
	(46, '9I7TN1ZG', 2, '2023-05-29') ,
	(47, '9I7TN1ZG', 3, '2023-07-18') ,
	(48, '9I7TN1ZG', 4, '2023-07-16') ,
	(49, '9I7TN1ZG', 5, '2023-05-31') ,
	(50, 'E0KV6G97', 1, '2023-05-31') ,
	(11, 'R6L3BMY5', 1, '2023-04-11') ,
	(12, 'R6L3BMY5', 2, '2023-08-06') ,
	(13, 'BYXL7S1D', 1, '2023-05-30') ,
	(14, 'BYXL7S1D', 2, '2023-11-17') ,
	(15, 'SGBPY96N', 1, '2023-06-01') ,
	(16, 'SGBPY96N', 2, '2023-11-18') ,
	(17, 'SGBPY96N', 3, '2023-05-31') ,
	(18, 'SGBPY96N', 4, '2023-04-18') ,
	(19, 'L47HZ3UG', 1, '2023-05-25') ,
	(20, 'L47HZ3UG', 2, '2023-05-05') ,
	(21, 'L47HZ3UG', 3, '2023-05-30') ,
	(22, 'QX6UNFJA', 1, '2023-09-15') ,
	(23, 'R8VKINQG', 1, '2023-08-22') ,
	(24, 'R8VKINQG', 2, '2023-09-16') ,
	(25, 'PTX1SCVU', 1, '2023-10-24') ,
	(26, 'PTX1SCVU', 2, '2023-11-07') ,
	(27, 'PTX1SCVU', 3, '2023-08-04') ,
	(28, 'PTX1SCVU', 4, '2023-10-15') ,
	(29, 'A7ODE4GC', 1, '2023-08-30') ,
	(30, 'A7ODE4GC', 2, '2023-05-06') ,
	(31, 'A7ODE4GC', 3, '2023-05-24') ,
	(32, 'A7ODE4GC', 4, '2023-10-22') ,
	(33, 'A7ODE4GC', 5, '2023-09-04') ,
	(34, 'L9FHYSED', 1, '2023-05-24') ,
	(35, 'L9FHYSED', 2, '2023-05-24') ,
	(36, 'L9FHYSED', 3, '2023-11-10') ,
	(37, 'EK71JN9V', 1, '2023-07-02') ,
	(38, 'EK71JN9V', 2, '2023-11-03') ,
	(39, 'EK71JN9V', 3, '2023-07-09') ,
	(40, 'ZH8L1ETA', 1, '2023-11-03') ,
	(41, 'PMXGBEW5', 1, '2023-04-17') ,
	(42, 'PMXGBEW5', 2, '2023-05-07') ,
	(43, 'PMXGBEW5', 3, '2023-06-28') ,
	(44, 'PMXGBEW5', 4, '2023-09-09') ,
	(45, 'PMXGBEW5', 5, '2023-11-08') ,
	(46, 'ABRJZWUS', 1, '2023-12-03') ,
	(47, 'ABRJZWUS', 2, '2023-10-09') ,
	(48, 'ABRJZWUS', 3, '2023-05-28') ,
	(49, 'ABRJZWUS', 4, '2023-11-13') ,
	(50, 'ABRJZWUS', 5, '2023-10-10') ,
	(11, 'YA4QX3ME', 1, '2023-07-12') ,
	(12, 'YA4QX3ME', 2, '2023-04-06') ,
	(13, 'UGY2ZM9K', 1, '2023-12-03') ,
	(14, 'UGY2ZM9K', 2, '2023-05-01') ,
	(15, '54LAXPFI', 1, '2023-06-28') ,
	(16, '54LAXPFI', 2, '2023-09-21') ,
	(17, '54LAXPFI', 3, '2023-08-10') ,
	(18, '7EGTFWXU', 1, '2023-06-11') ,
	(19, '7EGTFWXU', 2, '2023-04-21') ,
	(20, '5FMLTSHQ', 1, '2023-05-30') ,
	(21, '5FMLTSHQ', 2, '2023-06-24') ,
	(22, '5FMLTSHQ', 3, '2023-04-01') ,
	(23, 'KCEOBARX', 1, '2023-11-24') ,
	(24, 'KCEOBARX', 2, '2023-05-11') ,
	(25, 'OFARNZPK', 1, '2023-10-19') ,
	(26, 'OFARNZPK', 2, '2023-05-06') ,
	(27, 'OFARNZPK', 3, '2023-08-07') ,
	(28, 'WC2GKU01', 1, '2023-07-27') ,
	(29, 'WC2GKU01', 2, '2023-06-10') ,
	(30, 'SR452XI6', 1, '2023-06-21') ,
	(31, 'UW82HCVM', 1, '2023-09-04') ,
	(32, 'UW82HCVM', 2, '2023-09-05') ,
	(33, 'UW82HCVM', 3, '2023-07-29') ,
	(34, 'UW82HCVM', 4, '2023-10-19') ,
	(35, 'LSOVNBUR', 1, '2023-09-23') ,
	(36, 'L0S2FMQA', 1, '2023-11-06') ,
	(37, 'W30NOBKY', 1, '2023-06-03') ,
	(38, 'W30NOBKY', 2, '2023-06-26') ,
	(39, 'W30NOBKY', 3, '2023-08-31') ,
	(40, 'W30NOBKY', 4, '2023-11-14') ,
	(41, 'I6ESO1VM', 1, '2023-08-01') ,
	(42, 'WLK9N2FZ', 1, '2023-04-16') ,
	(43, 'WLK9N2FZ', 2, '2023-10-14') ,
	(44, 'WLK9N2FZ', 3, '2023-08-10') ,
	(45, 'WLK9N2FZ', 4, '2023-11-01') ,
	(46, 'UEYGZH2A', 1, '2023-09-21') ,
	(47, 'UEYGZH2A', 2, '2023-10-20') ,
	(48, 'UEYGZH2A', 3, '2023-07-15') ,
	(49, 'N0ESHILF', 1, '2023-05-20') ,
	(50, 'N0ESHILF', 2, '2023-07-02') ,
	(11, 'N0ESHILF', 3, '2023-05-18') ,
	(12, '0D8OE9B2', 1, '2023-11-14') ,
	(13, '0D8OE9B2', 2, '2023-07-06') ,
	(14, '0D8OE9B2', 3, '2023-11-19') ,
	(15, '0D8OE9B2', 4, '2023-09-09') ,
	(16, '0D8OE9B2', 5, '2023-11-03') ,
	(17, 'DZXELWG4', 1, '2023-07-12') ,
	(18, 'DZXELWG4', 2, '2023-07-31') ,
	(19, 'DZXELWG4', 3, '2023-09-04') ,
	(20, 'DZXELWG4', 4, '2023-10-15') ,
	(21, '8P7SVNY6', 1, '2023-10-23') ,
	(22, '8P7SVNY6', 2, '2023-04-26') ,
	(23, '8P7SVNY6', 3, '2023-11-05') ,
	(24, '8P7SVNY6', 4, '2023-08-23') ,
	(25, 'T09WZLKA', 1, '2023-11-19') ,
	(26, 'T09WZLKA', 2, '2023-09-18') ,
	(27, 'T09WZLKA', 3, '2023-05-05') ,
	(28, 'T09WZLKA', 4, '2023-04-22') ,
	(29, 'T09WZLKA', 5, '2023-07-29') ,
	(30, '53GICABJ', 1, '2023-06-05') ,
	(31, '53GICABJ', 2, '2023-04-04') ,
	(32, '53GICABJ', 3, '2023-11-24') ,
	(33, '53GICABJ', 4, '2023-10-26') ,
	(34, 'VPANX09O', 1, '2023-11-18') ,
	(35, 'VPANX09O', 2, '2023-10-21') ,
	(36, '9G1AHVCY', 1, '2023-07-01') ,
	(37, '1FZM5PY4', 1, '2023-09-15') ,
	(38, '1FZM5PY4', 2, '2023-07-28') ,
	(39, '1FZM5PY4', 3, '2023-08-13') ,
	(40, '1FZM5PY4', 4, '2023-06-03') ,
	(41, 'S32JQ0FO', 1, '2023-07-07') ,
	(42, 'D89XIHMR', 1, '2023-09-20') ,
	(43, 'D89XIHMR', 2, '2023-07-23') ,
	(44, 'MQP1GW68', 1, '2023-05-25') ,
	(45, 'MQP1GW68', 2, '2023-05-05') ,
	(46, 'MQP1GW68', 3, '2023-11-22') ,
	(47, 'MQP1GW68', 4, '2023-08-04') ,
	(48, 'MQP1GW68', 5, '2023-09-18') ,
	(49, 'N08DWFM4', 1, '2023-08-12') ,
	(50, 'N08DWFM4', 2, '2023-10-12') ,
	(11, 'N08DWFM4', 3, '2023-09-22') ,
	(12, 'N08DWFM4', 4, '2023-08-09') ,
	(13, 'N08DWFM4', 5, '2023-09-14') ,
	(14, 'BASTYRC7', 1, '2023-11-02') ,
	(15, 'BASTYRC7', 2, '2023-07-07') ,
	(16, 'BASTYRC7', 3, '2023-11-25') ,
	(17, 'BASTYRC7', 4, '2023-08-12') ,
	(18, 'UB7WE804', 1, '2023-09-02') ,
	(19, 'UB7WE804', 2, '2023-05-25') ,
	(20, 'UB7WE804', 3, '2023-05-07') ,
	(21, 'UB7WE804', 4, '2023-08-28') ,
	(22, 'UB7WE804', 5, '2023-09-28') ,
	(23, '0ZTMJ4HD', 1, '2023-08-27') ,
	(24, '0ZTMJ4HD', 2, '2023-08-31') ,
	(25, '0ZTMJ4HD', 3, '2023-08-19') ,
	(26, 'HC1R345W', 1, '2023-06-06') ,
	(27, 'HC1R345W', 2, '2023-06-28') ,
	(28, 'HC1R345W', 3, '2023-09-19') ,
	(29, 'HC1R345W', 4, '2023-07-12') ,
	(30, 'L1RDXKGB', 1, '2023-07-02') ,
	(31, 'L1RDXKGB', 2, '2023-09-19') ,
	(32, 'L1RDXKGB', 3, '2023-08-27') ,
	(33, 'L1RDXKGB', 4, '2023-04-05') ,
	(34, 'L1RDXKGB', 5, '2023-08-04') ,
	(35, '6AWBHXUN', 1, '2023-08-28') ,
	(36, 'E8OPR179', 1, '2023-10-10') ,
	(37, 'E8OPR179', 2, '2023-05-16') ,
	(38, 'E8OPR179', 3, '2023-09-22') ,
	(39, '02T51CPL', 1, '2023-08-24') ,
	(40, '02T51CPL', 2, '2023-05-12') ,
	(41, 'JEIRG1Z3', 1, '2023-08-01') ,
	(42, 'JEIRG1Z3', 2, '2023-10-03') ,
	(43, 'JEIRG1Z3', 3, '2023-08-24') ,
	(44, 'JEIRG1Z3', 4, '2023-07-28') ,
	(45, 'JEIRG1Z3', 5, '2023-08-08') ,
	(46, 'AHWK2YJG', 1, '2023-08-20') ,
	(47, 'AHWK2YJG', 2, '2023-07-29') ,
	(48, '0Z6NAEG3', 1, '2023-07-19') ,
	(49, '0Z6NAEG3', 2, '2023-06-17') ,
	(50, '0Z6NAEG3', 3, '2023-06-20') ,
	(11, '0Z6NAEG3', 4, '2023-07-23') ,
	(12, '0Z6NAEG3', 5, '2023-10-27') ,
	(13, 'Q1BMOLD9', 1, '2023-05-29') ,
	(14, '1QWGZLVP', 1, '2023-08-22') ,
	(15, '1QWGZLVP', 2, '2023-10-18') ,
	(16, '1QWGZLVP', 3, '2023-10-14') ,
	(17, 'RLG7D8C4', 1, '2023-08-16') ,
	(18, 'OL5TP0B3', 1, '2023-05-02') ,
	(19, 'OL5TP0B3', 2, '2023-09-01') ,
	(20, 'OL5TP0B3', 3, '2023-08-30') ,
	(21, 'OL5TP0B3', 4, '2023-07-27') ,
	(22, 'EFDXT29O', 1, '2023-11-15') ,
	(23, 'EFDXT29O', 2, '2023-05-26') ,
	(24, 'EFDXT29O', 3, '2023-08-17') ,
	(25, 'EFDXT29O', 4, '2023-05-11') ,
	(26, 'EFDXT29O', 5, '2023-11-24') ,
	(27, '89WCXHFP', 1, '2023-05-21') ,
	(28, '89WCXHFP', 2, '2023-05-11') ,
	(29, '89WCXHFP', 3, '2023-04-29') ,
	(30, '89WCXHFP', 4, '2023-12-02') ,
	(31, 'BLQH897S', 1, '2023-10-07') ,
	(32, 'BLQH897S', 2, '2023-07-09') ,
	(33, '8RKD531C', 1, '2023-11-15') ,
	(34, '8RKD531C', 2, '2023-07-05') ,
	(35, '8RKD531C', 3, '2023-11-09') ,
	(36, 'T6U74OCG', 1, '2023-11-23') ,
	(37, 'GQRF3I9W', 1, '2023-06-27') ,
	(38, 'OFBSCUL0', 1, '2023-07-12') ,
	(39, '5GX64MOV', 1, '2023-07-28') ,
	(40, '5GX64MOV', 2, '2023-11-13') ,
	(41, '5GX64MOV', 3, '2023-04-19') ,
	(42, 'L8WO32NF', 1, '2023-09-18') ,
	(43, 'SLT3IGCW', 1, '2023-10-05') ,
	(44, 'SLT3IGCW', 2, '2023-07-12') ,
	(45, 'SLT3IGCW', 3, '2023-07-09') ,
	(46, 'SLT3IGCW', 4, '2023-06-19') ,
	(47, 'GTN6BC7U', 1, '2023-04-04') ,
	(48, 'GTN6BC7U', 2, '2023-10-07') ,
	(49, 'GTN6BC7U', 3, '2023-10-20') ,
	(50, 'GTN6BC7U', 4, '2023-09-06') ,
	(11, 'GTN6BC7U', 5, '2023-09-13') ,
	(12, '0UJVBE72', 1, '2023-08-16') ,
	(13, '0UJVBE72', 2, '2023-10-15') ,
	(14, '0UJVBE72', 3, '2023-06-10') ,
	(15, 'BMK7JGXE', 1, '2023-11-12') ,
	(16, 'BMK7JGXE', 2, '2023-05-25') ,
	(17, 'BMK7JGXE', 3, '2023-11-03') ,
	(18, 'BMK7JGXE', 4, '2023-06-01') ,
	(19, 'BMK7JGXE', 5, '2023-07-09') ,
	(20, '59XHWNML', 1, '2023-08-04') ,
	(21, '59XHWNML', 2, '2023-11-19') ,
	(22, 'HMZUNK7R', 1, '2023-06-13') ,
	(23, 'D89HBNW2', 1, '2023-11-21') ,
	(24, 'D89HBNW2', 2, '2023-08-31') ,
	(25, 'D89HBNW2', 3, '2023-06-22') ,
	(26, 'D89HBNW2', 4, '2023-05-30') ,
	(27, '2ECB94RY', 1, '2023-07-29') ,
	(28, '2ECB94RY', 2, '2023-05-29') ,
	(29, '2ECB94RY', 3, '2023-10-13') ,
	(30, '2ECB94RY', 4, '2023-08-09') ,
	(31, 'W5BI9M80', 1, '2023-08-15') ,
	(32, 'P82UKJLG', 1, '2023-07-02') ,
	(33, 'P82UKJLG', 2, '2023-09-10') ,
	(34, 'UKQYTNIB', 1, '2023-11-01') ,
	(35, 'UKQYTNIB', 2, '2023-05-07') ,
	(36, 'UKQYTNIB', 3, '2023-11-07') ,
	(37, 'XQUO04L5', 1, '2023-06-04') ,
	(38, 'XQUO04L5', 2, '2023-04-05') ,
	(39, 'XQUO04L5', 3, '2023-09-22') ,
	(40, 'U5LZ2JHV', 1, '2023-06-06') ,
	(41, 'U5LZ2JHV', 2, '2023-10-11') ,
	(42, 'U5LZ2JHV', 3, '2023-04-13') ,
	(43, 'U5LZ2JHV', 4, '2023-07-04') ,
	(44, 'ZVECI0MJ', 1, '2023-11-03') ,
	(45, 'ZVECI0MJ', 2, '2023-10-04') ,
	(46, 'ZVECI0MJ', 3, '2023-06-10') ,
	(47, 'ZVECI0MJ', 4, '2023-05-11') ,
	(48, 'ZVECI0MJ', 5, '2023-09-03') ,
	(49, 'SZP7H18D', 1, '2023-07-11') ,
	(50, 'SZP7H18D', 2, '2023-06-23') ,
	(11, '5IQNDELF', 1, '2023-04-01') ,
	(12, '5IQNDELF', 2, '2023-04-08') ,
	(13, '5IQNDELF', 3, '2023-10-05') ,
	(14, 'TOQ3HRE6', 1, '2023-05-14') ,
	(15, 'TOQ3HRE6', 2, '2023-07-24') ,
	(16, 'V1Q9H0CG', 1, '2023-11-27') ,
	(17, 'V1Q9H0CG', 2, '2023-10-11') ,
	(18, 'V1Q9H0CG', 3, '2023-05-06') ,
	(19, 'GMQXVF42', 1, '2023-11-18') ,
	(20, 'GMQXVF42', 2, '2023-06-26') ,
	(21, 'GMQXVF42', 3, '2023-10-08') ,
	(22, '13FH7AY6', 1, '2023-05-15') ,
	(23, '13FH7AY6', 2, '2023-11-29') ,
	(24, 'WV5TN7I6', 1, '2023-10-31') ,
	(25, 'WV5TN7I6', 2, '2023-11-17') ,
	(26, '6FTC5BID', 1, '2023-10-14') ,
	(27, '6FTC5BID', 2, '2023-05-02') ,
	(28, '6FTC5BID', 3, '2023-10-08') ,
	(29, '6FTC5BID', 4, '2023-05-07') ,
	(30, '6FTC5BID', 5, '2023-09-01') ,
	(31, 'FEL2TPJU', 1, '2023-08-02') ,
	(32, 'FEL2TPJU', 2, '2023-05-07') ,
	(33, 'FEL2TPJU', 3, '2023-11-14') ,
	(34, 'B9KS4IMU', 1, '2023-10-04') ,
	(35, 'QAIVDBU0', 1, '2023-04-03') ,
	(36, 'QAIVDBU0', 2, '2023-06-29') ,
	(37, 'QVM08IK7', 1, '2023-11-30') ,
	(38, 'JRHBGWSZ', 1, '2023-11-12') ,
	(39, '2MOIFEQC', 1, '2023-07-14') ,
	(40, '650PFJ4H', 1, '2023-08-01') ,
	(41, '650PFJ4H', 2, '2023-09-28') ,
	(42, '650PFJ4H', 3, '2023-11-23') ,
	(43, '650PFJ4H', 4, '2023-07-20') ,
	(44, '5PLHYG3F', 1, '2023-11-04') ,
	(45, '5PLHYG3F', 2, '2023-12-03') ,
	(46, 'UPJGBQZ9', 1, '2023-04-08') ,
	(47, 'UPJGBQZ9', 2, '2023-07-30') ,
	(48, 'UPJGBQZ9', 3, '2023-07-18') ,
	(49, 'UD9BSXN5', 1, '2023-12-02') ,
	(50, 'UD9BSXN5', 2, '2023-08-30') ,
	(11, 'JAZ4G72L', 1, '2023-04-02') ,
	(12, 'JAZ4G72L', 2, '2023-07-07') ,
	(13, 'JAZ4G72L', 3, '2023-04-03') ,
	(14, 'RPSFC41I', 1, '2023-11-26') ,
	(15, 'RPSFC41I', 2, '2023-09-02') ,
	(16, 'RPSFC41I', 3, '2023-06-04') ,
	(17, 'AHSKFJXQ', 1, '2023-05-04') ,
	(18, 'AHSKFJXQ', 2, '2023-08-12') ,
	(19, 'AHSKFJXQ', 3, '2023-06-24') ,
	(20, '04TV5LSI', 1, '2023-07-25') ,
	(21, 'LJKMY3QI', 1, '2023-04-05') ,
	(22, 'LJKMY3QI', 2, '2023-09-08') ,
	(23, '57WOARTI', 1, '2023-10-16') ,
	(24, '57WOARTI', 2, '2023-09-17') ,
	(25, '57WOARTI', 3, '2023-08-10') ,
	(26, '57WOARTI', 4, '2023-11-24') ,
	(27, '5478H2QF', 1, '2023-04-14') ,
	(28, '5478H2QF', 2, '2023-11-07') ,
	(29, '5478H2QF', 3, '2023-05-26') ,
	(30, '5478H2QF', 4, '2023-07-27') ,
	(31, '2VN9MDKZ', 1, '2023-10-06') ,
	(32, '2VN9MDKZ', 2, '2023-09-07') ,
	(33, 'RMKA8LJ6', 1, '2023-11-10') ,
	(34, 'RMKA8LJ6', 2, '2023-10-26') ,
	(35, 'RMKA8LJ6', 3, '2023-10-31') ,
	(36, 'RMKA8LJ6', 4, '2023-10-15') ,
	(37, 'RMKA8LJ6', 5, '2023-11-27') ,
	(38, 'AE284MPD', 1, '2023-04-07') ,
	(39, 'AE284MPD', 2, '2023-07-13') ,
	(40, 'AE284MPD', 3, '2023-10-27') ,
	(41, 'R3JPK190', 1, '2023-08-05') ,
	(42, 'F4M9W5JE', 1, '2023-10-04') ,
	(43, 'F4M9W5JE', 2, '2023-09-06') ,
	(44, 'F4M9W5JE', 3, '2023-08-08') ,
	(45, 'F4M9W5JE', 4, '2023-10-08') ,
	(46, 'DOZNSBYC', 1, '2023-09-12') ,
	(47, 'DOZNSBYC', 2, '2023-11-30') ,
	(48, 'DOZNSBYC', 3, '2023-05-10') ,
	(49, 'DOZNSBYC', 4, '2023-06-17') ,
	(50, 'DOZNSBYC', 5, '2023-08-02') ,
	(11, 'QCFNDK9H', 1, '2023-08-08') ,
	(12, 'QCFNDK9H', 2, '2023-05-27') ,
	(13, 'QCFNDK9H', 3, '2023-10-17') ,
	(14, 'E5O8Y3QI', 1, '2023-07-02') ,
	(15, 'E5O8Y3QI', 2, '2023-08-17') ,
	(16, 'E5O8Y3QI', 3, '2023-10-24') ,
	(17, 'KSI3M7ZU', 1, '2023-05-20') ,
	(18, 'KSI3M7ZU', 2, '2023-10-05') ,
	(19, 'KSI3M7ZU', 3, '2023-09-06') ,
	(20, 'KSI3M7ZU', 4, '2023-08-26') ,
	(21, 'G8U9DRZ0', 1, '2023-05-07') ,
	(22, 'G8U9DRZ0', 2, '2023-07-06') ,
	(23, 'G8U9DRZ0', 3, '2023-11-23') ,
	(24, 'G8U9DRZ0', 4, '2023-05-07') ,
	(25, 'G8U9DRZ0', 5, '2023-05-15') ,
	(26, 'KJBIM3Y9', 1, '2023-06-20') ,
	(27, 'KJBIM3Y9', 2, '2023-06-28') ,
	(28, 'KJBIM3Y9', 3, '2023-07-01') ,
	(29, 'JT2DCKR0', 1, '2023-08-20') ,
	(30, 'JT2DCKR0', 2, '2023-05-15') ,
	(31, 'JT2DCKR0', 3, '2023-04-19') ,
	(32, 'JT2DCKR0', 4, '2023-10-05') ,
	(33, 'F124MXVZ', 1, '2023-07-20') ,
	(34, 'F124MXVZ', 2, '2023-07-18') ,
	(35, 'F124MXVZ', 3, '2023-04-05') ,
	(36, '8OF1CEZ9', 1, '2023-04-23') ,
	(37, '8OF1CEZ9', 2, '2023-10-07') ,
	(38, '8OF1CEZ9', 3, '2023-09-27') ,
	(39, '8OF1CEZ9', 4, '2023-04-01') ,
	(40, '3KVR8JA9', 1, '2023-07-03') ,
	(41, 'AMBR586F', 1, '2023-09-23') ,
	(42, 'AMBR586F', 2, '2023-05-31') ,
	(43, 'AMBR586F', 3, '2023-11-13') ,
	(44, 'AMBR586F', 4, '2023-05-27') ,
	(45, 'AMBR586F', 5, '2023-09-11') ,
	(46, '0CXPMN5Z', 1, '2023-07-10') ,
	(47, '0CXPMN5Z', 2, '2023-08-14') ,
	(48, '0CXPMN5Z', 3, '2023-08-12') ,
	(49, '0CXPMN5Z', 4, '2023-05-05') ,
	(50, 'DYAQZXPM', 1, '2023-05-30') ,
	(11, 'RWSK5N0P', 1, '2023-07-28') ,
	(12, 'RWSK5N0P', 2, '2023-11-03') ,
	(13, 'RWSK5N0P', 3, '2023-06-23') ,
	(14, 'RWSK5N0P', 4, '2023-09-28') ,
	(15, 'RWSK5N0P', 5, '2023-04-08') ,
	(16, '2RNQ9MXZ', 1, '2023-08-10') ,
	(17, '2RNQ9MXZ', 2, '2023-08-23') ,
	(18, '2RNQ9MXZ', 3, '2023-05-06') ,
	(19, 'XZOLPGIY', 1, '2023-06-26') ,
	(20, 'XZOLPGIY', 2, '2023-07-16') ,
	(21, 'XZOLPGIY', 3, '2023-04-09') ,
	(22, 'XZOLPGIY', 4, '2023-10-08') ,
	(23, 'XZOLPGIY', 5, '2023-09-06') ,
	(24, 'NS3QVEJR', 1, '2023-10-01') ,
	(25, 'NS3QVEJR', 2, '2023-10-01') ,
	(26, 'NS3QVEJR', 3, '2023-09-19') ,
	(27, 'NS3QVEJR', 4, '2023-08-25') ,
	(28, 'Q1VJ037K', 1, '2023-06-07') ,
	(29, 'Q1VJ037K', 2, '2023-07-31') ,
	(30, 'Q1VJ037K', 3, '2023-10-09') ,
	(31, 'Q1VJ037K', 4, '2023-09-10') ,
	(32, 'YWU0OTBR', 1, '2023-04-17') ,
	(33, 'YWU0OTBR', 2, '2023-09-16') ,
	(34, 'YWU0OTBR', 3, '2023-09-14') ,
	(35, 'YWU0OTBR', 4, '2023-11-06') ,
	(36, 'KR62HJ3A', 1, '2023-08-29') ,
	(37, 'SET365W4', 1, '2023-08-16') ,
	(38, 'SET365W4', 2, '2023-11-25') ,
	(39, 'SET365W4', 3, '2023-06-01') ,
	(40, 'SET365W4', 4, '2023-05-12') ,
	(41, 'SET365W4', 5, '2023-05-29') ,
	(42, 'KTO7G43W', 1, '2023-11-07') ,
	(43, 'KTO7G43W', 2, '2023-08-07') ,
	(44, 'KTO7G43W', 3, '2023-07-05') ,
	(45, 'KTO7G43W', 4, '2023-07-15') ,
	(46, 'C90MEBI2', 1, '2023-11-29') ,
	(47, 'C90MEBI2', 2, '2023-06-12') ,
	(48, 'C90MEBI2', 3, '2023-04-01') ,
	(49, 'C90MEBI2', 4, '2023-07-25') ,
	(50, 'C90MEBI2', 5, '2023-06-15') ,
	(11, '2WOJ8SVA', 1, '2023-12-01') ,
	(12, '2WOJ8SVA', 2, '2023-09-04') ,
	(13, '2WOJ8SVA', 3, '2023-10-01') ,
	(14, '4O6M5DIT', 1, '2023-09-28') ,
	(15, '4O6M5DIT', 2, '2023-07-12') ,
	(16, '4O6M5DIT', 3, '2023-04-27') ,
	(17, 'OV9CUEGJ', 1, '2023-06-13') ,
	(18, 'OV9CUEGJ', 2, '2023-09-28') ,
	(19, 'IY531NQ8', 1, '2023-08-15') ,
	(20, 'IY531NQ8', 2, '2023-09-04') ,
	(21, 'IY531NQ8', 3, '2023-10-11') ,
	(22, 'MTS0W9VK', 1, '2023-04-24') ,
	(23, 'MTS0W9VK', 2, '2023-07-22') ,
	(24, 'JXHAZRDS', 1, '2023-05-18') ,
	(25, 'JXHAZRDS', 2, '2023-04-15') ,
	(26, 'JXHAZRDS', 3, '2023-04-08') ,
	(27, 'JXHAZRDS', 4, '2023-04-12') ,
	(28, 'SOM4NUAC', 1, '2023-08-25') ,
	(29, 'SOM4NUAC', 2, '2023-11-13') ,
	(30, 'ZRDE58JC', 1, '2023-05-23') ,
	(31, 'ZRDE58JC', 2, '2023-08-23') ,
	(32, '7QNBEK8L', 1, '2023-04-12') ,
	(33, '6ID12MZV', 1, '2023-10-07') ,
	(34, '6ID12MZV', 2, '2023-04-19') ,
	(35, '7Q643JRD', 1, '2023-10-19') ,
	(36, '7Q643JRD', 2, '2023-06-18') ,
	(37, '7Q643JRD', 3, '2023-06-16') ,
	(38, '7Q643JRD', 4, '2023-04-11') ,
	(39, '7Q643JRD', 5, '2023-06-19') ,
	(40, '78TL21D6', 1, '2023-11-05') ,
	(41, '78TL21D6', 2, '2023-11-09') ,
	(42, '78TL21D6', 3, '2023-06-06') ,
	(43, '78TL21D6', 4, '2023-05-26') ,
	(44, '76G95XDT', 1, '2023-07-14') ,
	(45, '76G95XDT', 2, '2023-10-19') ,
	(46, '76G95XDT', 3, '2023-11-01') ,
	(47, 'AGC30KYU', 1, '2023-09-21') ,
	(48, 'AGC30KYU', 2, '2023-07-19') ,
	(49, 'AGC30KYU', 3, '2023-06-26') ,
	(50, 'AGC30KYU', 4, '2023-10-30') ,
	(11, '4TZAH1IS', 1, '2023-08-23') ,
	(12, '4TZAH1IS', 2, '2023-05-07') ,
	(13, '4TZAH1IS', 3, '2023-04-26') ,
	(14, '4TZAH1IS', 4, '2023-10-11') ,
	(15, 'BRCX6EK8', 1, '2023-04-11') ,
	(16, 'BRCX6EK8', 2, '2023-09-18') ,
	(17, 'BRCX6EK8', 3, '2023-11-13') ,
	(18, 'BRCX6EK8', 4, '2023-08-28') ,
	(19, 'C8GA6KON', 1, '2023-11-24') ,
	(20, 'KDRVSGB5', 1, '2023-04-17') ,
	(21, 'KDRVSGB5', 2, '2023-09-17') ,
	(22, 'KDRVSGB5', 3, '2023-09-02') ,
	(23, 'KDRVSGB5', 4, '2023-04-11') ,
	(24, 'KDRVSGB5', 5, '2023-10-17') ,
	(25, 'KDOGIMER', 1, '2023-11-08') ,
	(26, 'W6MP45ZV', 1, '2023-09-27') ,
	(27, 'W6MP45ZV', 2, '2023-08-25') ,
	(28, 'W6MP45ZV', 3, '2023-11-14') ,
	(29, 'W6MP45ZV', 4, '2023-08-19') ,
	(30, 'W6MP45ZV', 5, '2023-10-30') ,
	(31, '6R5XKIY9', 1, '2023-08-23') ,
	(32, '7C38AYG0', 1, '2023-06-16') ,
	(33, 'T6AXRH1N', 1, '2023-11-20') ,
	(34, '6CNO3VIJ', 1, '2023-11-25') ,
	(35, 'MC82PDRN', 1, '2023-11-06') ,
	(36, 'MC82PDRN', 2, '2023-07-10') ,
	(37, 'MC82PDRN', 3, '2023-06-11') ,
	(38, 'PF8CWIQ7', 1, '2023-09-23') ,
	(39, 'PF8CWIQ7', 2, '2023-07-09') ,
	(40, 'PF8CWIQ7', 3, '2023-10-16') ,
	(41, 'PF8CWIQ7', 4, '2023-05-26') ,
	(42, '3JUYC2T0', 1, '2023-06-15') ,
	(43, '3JUYC2T0', 2, '2023-07-14') ,
	(44, '3JUYC2T0', 3, '2023-08-17') ,
	(45, '3JUYC2T0', 4, '2023-04-14') ,
	(46, 'BSXWGFNV', 1, '2023-06-23') ,
	(47, 'BSXWGFNV', 2, '2023-07-25') ,
	(48, 'BSXWGFNV', 3, '2023-06-25') ,
	(49, 'BSXWGFNV', 4, '2023-06-30') ,
	(50, 'BSXWGFNV', 5, '2023-09-23') ,
	(11, '68BLIKJH', 1, '2023-06-16') ,
	(12, '68BLIKJH', 2, '2023-09-24') ,
	(13, '68BLIKJH', 3, '2023-11-03') ,
	(14, '68BLIKJH', 4, '2023-09-15') ,
	(15, '68BLIKJH', 5, '2023-10-10') ,
	(16, 'FW65CGXV', 1, '2023-08-14') ,
	(17, 'TW7M3QE9', 1, '2023-06-04') ,
	(18, 'TW7M3QE9', 2, '2023-04-01') ,
	(19, 'TW7M3QE9', 3, '2023-07-10') ,
	(20, 'TW7M3QE9', 4, '2023-09-18') ,
	(21, 'EB8IAUCD', 1, '2023-04-08') ,
	(22, 'EB8IAUCD', 2, '2023-09-12') ,
	(23, 'EB8IAUCD', 3, '2023-10-09') ,
	(24, 'EB8IAUCD', 4, '2023-08-09') ,
	(25, 'DQP3F6HY', 1, '2023-08-13') ,
	(26, 'DQ8PFVI5', 1, '2023-07-30') ,
	(27, 'DQ8PFVI5', 2, '2023-06-03') ,
	(28, 'DQ8PFVI5', 3, '2023-11-15') ,
	(29, 'E4V785BN', 1, '2023-10-14') ,
	(30, 'E4V785BN', 2, '2023-08-13') ,
	(31, '5VI79GXU', 1, '2023-07-04') ,
	(32, '5VI79GXU', 2, '2023-06-07') ,
	(33, 'PSK702ZA', 1, '2023-11-22') ,
	(34, 'PSK702ZA', 2, '2023-04-16') ,
	(35, 'PSK702ZA', 3, '2023-07-12') ,
	(36, 'PSK702ZA', 4, '2023-06-13') ,
	(37, '1WBICG0A', 1, '2023-11-28') ,
	(38, '1WBICG0A', 2, '2023-09-10') ,
	(39, '1WBICG0A', 3, '2023-10-28') ,
	(40, '1WBICG0A', 4, '2023-06-19') ,
	(41, '1WBICG0A', 5, '2023-11-08') ,
	(42, 'MHZGEO3V', 1, '2023-11-27') ,
	(43, 'MHZGEO3V', 2, '2023-11-05') ,
	(44, 'MHZGEO3V', 3, '2023-05-10') ,
	(45, 'MHZGEO3V', 4, '2023-05-13') ,
	(46, 'QL7UHV8C', 1, '2023-10-09') ,
	(47, 'QL7UHV8C', 2, '2023-11-23') ,
	(48, 'KQTDBU89', 1, '2023-09-10') ,
	(49, 'OEGD29SK', 1, '2023-09-21') ,
	(50, '09LDQ2MY', 1, '2023-10-20') ,
	(11, '09LDQ2MY', 2, '2023-04-10') ,
	(12, '09LDQ2MY', 3, '2023-12-02') ,
	(13, '09LDQ2MY', 4, '2023-11-28') ,
	(14, '09LDQ2MY', 5, '2023-07-04') ,
	(15, 'F0ZPLTAI', 1, '2023-07-04') ,
	(16, 'F0ZPLTAI', 2, '2023-12-01') ,
	(17, 'F0ZPLTAI', 3, '2023-06-16') ,
	(18, 'F0ZPLTAI', 4, '2023-10-25') ,
	(19, 'F0ZPLTAI', 5, '2023-10-02') ,
	(20, 'LUX1GF64', 1, '2023-05-07') ,
	(21, 'LUX1GF64', 2, '2023-05-10') ,
	(22, 'F8TK7N91', 1, '2023-04-23') ,
	(23, 'F8TK7N91', 2, '2023-07-04') ,
	(24, 'DW1XI0BU', 1, '2023-08-30') ,
	(25, 'DW1XI0BU', 2, '2023-09-29') ,
	(26, 'PEOSV8MR', 1, '2023-05-24') ,
	(27, 'PEOSV8MR', 2, '2023-10-24') ,
	(28, 'PEOSV8MR', 3, '2023-04-12') ,
	(29, 'J7OSUAN9', 1, '2023-10-14') ,
	(30, 'J7OSUAN9', 2, '2023-08-22') ,
	(31, 'J7OSUAN9', 3, '2023-05-21') ,
	(32, 'LDW5Z8JH', 1, '2023-06-25') ,
	(33, '9JBKEIHP', 1, '2023-06-28') ,
	(34, '9JBKEIHP', 2, '2023-08-06') ,
	(35, '5Z41M2S3', 1, '2023-04-03') ,
	(36, '5Z41M2S3', 2, '2023-05-19') ,
	(37, 'CJ4I9B28', 1, '2023-12-04') ,
	(38, 'CJ4I9B28', 2, '2023-10-13') ,
	(39, 'CJ4I9B28', 3, '2023-11-07') ,
	(40, 'CJ4I9B28', 4, '2023-11-30') ,
	(41, '6DI1BVJQ', 1, '2023-10-26') ,
	(42, '6DI1BVJQ', 2, '2023-10-23') ,
	(43, '6DI1BVJQ', 3, '2023-05-08') ,
	(44, '6DI1BVJQ', 4, '2023-10-31') ,
	(45, 'XDOQ5V0M', 1, '2023-05-18') ,
	(46, 'XDOQ5V0M', 2, '2023-09-11') ,
	(47, 'XDOQ5V0M', 3, '2023-11-03') ,
	(48, 'XDOQ5V0M', 4, '2023-08-18') ,
	(49, '74G098K2', 1, '2023-08-08') ,
	(50, '74G098K2', 2, '2023-05-14') ,
	(11, '74G098K2', 3, '2023-09-07') ,
	(12, '74G098K2', 4, '2023-09-25') ,
	(13, '74G098K2', 5, '2023-09-21') ,
	(14, 'ZOVYDP2H', 1, '2023-05-07') ,
	(15, 'ZOVYDP2H', 2, '2023-05-03') ,
	(16, '1P6QES3V', 1, '2023-11-30') ,
	(17, '9HJTKZ1I', 1, '2023-07-15') ,
	(18, '9HJTKZ1I', 2, '2023-11-24') ,
	(19, '9HJTKZ1I', 3, '2023-06-12') ,
	(20, '9HJTKZ1I', 4, '2023-04-01') ,
	(21, '9HJTKZ1I', 5, '2023-11-28') ,
	(22, 'GTX1JZIK', 1, '2023-08-03') ,
	(23, 'GTX1JZIK', 2, '2023-07-03') ,
	(24, 'GTX1JZIK', 3, '2023-05-24') ,
	(25, 'GTX1JZIK', 4, '2023-09-30') ,
	(26, 'GTX1JZIK', 5, '2023-07-02') ,
	(27, '21MPXKZQ', 1, '2023-04-28') ,
	(28, '21MPXKZQ', 2, '2023-05-22') ,
	(29, '21MPXKZQ', 3, '2023-06-22') ,
	(30, 'IFHYLNQ0', 1, '2023-11-02') ,
	(31, 'IFHYLNQ0', 2, '2023-07-05') ,
	(32, 'IFHYLNQ0', 3, '2023-04-29') ,
	(33, 'IFHYLNQ0', 4, '2023-11-15') ,
	(34, 'IFHYLNQ0', 5, '2023-11-26') ,
	(35, '9RA84ZFG', 1, '2023-09-15') ,
	(36, 'IDB5NUTF', 1, '2023-11-09') ,
	(37, 'IDB5NUTF', 2, '2023-08-07') ,
	(38, 'IDB5NUTF', 3, '2023-07-18') ,
	(39, 'IDB5NUTF', 4, '2023-08-03') ,
	(40, 'O08ALTRW', 1, '2023-11-08') ,
	(41, 'O08ALTRW', 2, '2023-08-27') ,
	(42, 'O08ALTRW', 3, '2023-04-08') ,
	(43, 'O08ALTRW', 4, '2023-04-17') ,
	(44, 'O08ALTRW', 5, '2023-12-01') ,
	(45, 'EH3KVP58', 1, '2023-10-24') ,
	(46, 'EH3KVP58', 2, '2023-08-02') ,
	(47, '3RWGZQ25', 1, '2023-05-18') ,
	(48, '3RWGZQ25', 2, '2023-07-25') ,
	(49, '3RWGZQ25', 3, '2023-06-27') ,
	(50, '3RWGZQ25', 4, '2023-09-13') ,
	(11, '3RWGZQ25', 5, '2023-04-26') ,
	(12, 'V2QC5W9I', 1, '2023-08-08') ,
	(13, 'V2QC5W9I', 2, '2023-10-22') ,
	(14, 'V2QC5W9I', 3, '2023-07-07') ,
	(15, 'V2QC5W9I', 4, '2023-04-26') ,
	(16, 'VE28XLTJ', 1, '2023-07-26') ,
	(17, 'VE28XLTJ', 2, '2023-06-14') ,
	(18, 'VE28XLTJ', 3, '2023-09-22') ,
	(19, 'VE28XLTJ', 4, '2023-10-29') ,
	(20, 'VE28XLTJ', 5, '2023-07-21') ,
	(21, 'A693JN0G', 1, '2023-08-01') ,
	(22, 'A693JN0G', 2, '2023-11-21') ,
	(23, 'A693JN0G', 3, '2023-09-20') ,
	(24, 'A693JN0G', 4, '2023-11-12') ,
	(25, '9GHSMBJL', 1, '2023-09-07') ,
	(26, '9GHSMBJL', 2, '2023-07-07') ,
	(27, '9GHSMBJL', 3, '2023-05-17') ,
	(28, '9GHSMBJL', 4, '2023-11-28') ,
	(29, '9GHSMBJL', 5, '2023-10-24') ,
	(30, '6F1UR4NG', 1, '2023-07-11') ,
	(31, '6F1UR4NG', 2, '2023-05-20') ,
	(32, '6F1UR4NG', 3, '2023-09-14') ,
	(33, '6F1UR4NG', 4, '2023-10-08') ,
	(34, '6F1UR4NG', 5, '2023-06-30') ,
	(35, 'YA7UG10R', 1, '2023-07-12') ,
	(36, 'YA7UG10R', 2, '2023-05-04') ,
	(37, 'YA7UG10R', 3, '2023-06-01') ,
	(38, 'YA7UG10R', 4, '2023-09-19') ,
	(39, 'YA7UG10R', 5, '2023-10-12') ,
	(40, 'EX48YSNZ', 1, '2023-04-22') ,
	(41, 'EX48YSNZ', 2, '2023-09-08') ,
	(42, 'EX48YSNZ', 3, '2023-09-26') ,
	(43, 'EX48YSNZ', 4, '2023-08-03') ,
	(44, 'H1834SJQ', 1, '2023-04-01') ,
	(45, 'H1834SJQ', 2, '2023-06-12') ,
	(46, 'H1834SJQ', 3, '2023-07-18') ,
	(47, 'H1834SJQ', 4, '2023-05-25') ,
	(48, 'H1834SJQ', 5, '2023-09-06') ,
	(49, 'WGDK658Y', 1, '2023-05-19') ,
	(50, 'WGDK658Y', 2, '2023-10-02') ,
	(11, 'S92NCJ5K', 1, '2023-09-30') ,
	(12, 'S92NCJ5K', 2, '2023-11-20') ,
	(13, 'S92NCJ5K', 3, '2023-10-25') ,
	(14, 'S92NCJ5K', 4, '2023-05-01') ,
	(15, 'T9OB023D', 1, '2023-07-15') ,
	(16, 'T9OB023D', 2, '2023-04-26') ,
	(17, 'T9OB023D', 3, '2023-07-07') ,
	(18, 'T9OB023D', 4, '2023-05-03') ,
	(19, 'WP3BQ7DG', 1, '2023-11-28') ,
	(20, 'WP3BQ7DG', 2, '2023-09-28') ,
	(21, '3G7OFSER', 1, '2023-08-22') ,
	(22, '3G7OFSER', 2, '2023-08-03') ,
	(23, '3G7OFSER', 3, '2023-09-05') ,
	(24, '3G7OFSER', 4, '2023-04-06') ,
	(25, '3G7OFSER', 5, '2023-09-30') ,
	(26, 'FV2E5QNI', 1, '2023-06-02') ,
	(27, 'FV2E5QNI', 2, '2023-11-08') ,
	(28, 'A3YIES6X', 1, '2023-08-31') ,
	(29, 'A3YIES6X', 2, '2023-07-14') ,
	(30, 'A3YIES6X', 3, '2023-10-28') ,
	(31, 'A3YIES6X', 4, '2023-07-27') ,
	(32, 'A3YIES6X', 5, '2023-06-06') ,
	(33, 'TH8PYV4O', 1, '2023-06-12') ,
	(34, 'TH8PYV4O', 2, '2023-04-02') ,
	(35, 'TH8PYV4O', 3, '2023-04-05') ,
	(36, 'LUDVX57G', 1, '2023-09-15') ,
	(37, 'LUDVX57G', 2, '2023-05-11') ,
	(38, '5EWMPY6L', 1, '2023-05-09') ,
	(39, '5EWMPY6L', 2, '2023-08-23') ,
	(40, 'HTA73Z6D', 1, '2023-07-01') ,
	(41, 'HTA73Z6D', 2, '2023-04-03') ,
	(42, 'HTA73Z6D', 3, '2023-11-17') ,
	(43, 'HTA73Z6D', 4, '2023-09-15') ,
	(44, 'VWOPEN69', 1, '2023-11-13') ,
	(45, 'VWOPEN69', 2, '2023-09-18') ,
	(46, 'VWOPEN69', 3, '2023-11-26') ,
	(47, 'VWOPEN69', 4, '2023-11-06') ,
	(48, '40E9KRYF', 1, '2023-04-11') ,
	(49, '40E9KRYF', 2, '2023-04-04') ,
	(50, '40E9KRYF', 3, '2023-09-04') ,
	(11, 'E3J8LTCR', 1, '2023-08-28') ,
	(12, 'E3J8LTCR', 2, '2023-09-24') ,
	(13, 'E3J8LTCR', 3, '2023-10-27') ,
	(14, 'E3J8LTCR', 4, '2023-06-24') ,
	(15, 'E3J8LTCR', 5, '2023-07-21') ,
	(16, '2O50JVTP', 1, '2023-06-12') ,
	(17, '2O50JVTP', 2, '2023-06-04') ,
	(18, '2O50JVTP', 3, '2023-11-09') ,
	(19, '2O50JVTP', 4, '2023-08-26') ,
	(20, '42S5Y1VC', 1, '2023-09-02') ,
	(21, '42S5Y1VC', 2, '2023-04-01') ,
	(22, '42S5Y1VC', 3, '2023-06-14') ,
	(23, '42S5Y1VC', 4, '2023-08-12') ,
	(24, '8FZR4ISN', 1, '2023-10-12') ,
	(25, '8FZR4ISN', 2, '2023-05-17') ,
	(26, '8FZR4ISN', 3, '2023-09-15') ,
	(27, '8FZR4ISN', 4, '2023-10-19') ,
	(28, 'TY21COMN', 1, '2023-11-08') ,
	(29, 'TY21COMN', 2, '2023-07-29') ,
	(30, '8ZJ4X9TI', 1, '2023-09-14') ,
	(31, '8ZJ4X9TI', 2, '2023-11-23') ,
	(32, 'WVU50E4T', 1, '2023-04-18') ,
	(33, 'WVU50E4T', 2, '2023-10-24') ,
	(34, 'WVU50E4T', 3, '2023-06-29') ,
	(35, 'WVU50E4T', 4, '2023-08-05') ,
	(36, 'FMNYGOKU', 1, '2023-08-15') ,
	(37, 'KLEPRX90', 1, '2023-09-08') ,
	(38, 'O59XPAS3', 1, '2023-11-17') ,
	(39, 'O59XPAS3', 2, '2023-04-17') ,
	(40, 'O59XPAS3', 3, '2023-06-13') ,
	(41, 'O59XPAS3', 4, '2023-08-12') ,
	(42, 'O59XPAS3', 5, '2023-08-15') ,
	(43, 'TCWPRKOE', 1, '2023-11-26') ,
	(44, 'TCWPRKOE', 2, '2023-10-08') ,
	(45, 'TCWPRKOE', 3, '2023-11-20') ,
	(46, 'IPR4WXK1', 1, '2023-11-29') ,
	(47, 'IPR4WXK1', 2, '2023-06-07') ,
	(48, 'IPR4WXK1', 3, '2023-08-17') ,
	(49, 'IPR4WXK1', 4, '2023-04-01') ,
	(50, 'IPR4WXK1', 5, '2023-08-30') ,
	(11, '4W2TH9MK', 1, '2023-07-28') ,
	(12, '4W2TH9MK', 2, '2023-06-11') ,
	(13, '4W2TH9MK', 3, '2023-10-08') ,
	(14, '4W2TH9MK', 4, '2023-08-08') ,
	(15, '4W2TH9MK', 5, '2023-08-06') ,
	(16, 'QVBTSCAK', 1, '2023-08-23') ,
	(17, 'QVBTSCAK', 2, '2023-06-02') ,
	(18, '4MP0YGLR', 1, '2023-07-01') ,
	(19, '4MP0YGLR', 2, '2023-10-12') ,
	(20, 'X8YIKLJP', 1, '2023-05-07') ,
	(21, 'X8YIKLJP', 2, '2023-07-24') ,
	(22, 'X8YIKLJP', 3, '2023-12-01') ,
	(23, '93PCXJ0O', 1, '2023-09-25') ,
	(24, '93PCXJ0O', 2, '2023-06-21') ,
	(25, '0HLJ5BK3', 1, '2023-07-05') ,
	(26, '0HLJ5BK3', 2, '2023-04-27') ,
	(27, '0HLJ5BK3', 3, '2023-08-07') ,
	(28, '0HLJ5BK3', 4, '2023-05-17') ,
	(29, '4IS6DO8N', 1, '2023-06-17') ,
	(30, '4IS6DO8N', 2, '2023-10-23') ,
	(31, '4IS6DO8N', 3, '2023-05-30') ,
	(32, '0NWRGB3D', 1, '2023-11-18') ,
	(33, '0NWRGB3D', 2, '2023-05-13') ,
	(34, '72SKMXF5', 1, '2023-09-07') ,
	(35, '72SKMXF5', 2, '2023-06-19') ,
	(36, 'NCH1MTG9', 1, '2023-06-11') ,
	(37, 'NCH1MTG9', 2, '2023-09-28') ,
	(38, 'NCH1MTG9', 3, '2023-06-09') ,
	(39, 'NCH1MTG9', 4, '2023-04-16') ,
	(40, 'NCH1MTG9', 5, '2023-08-28') ,
	(41, 'VTGW5IKQ', 1, '2023-08-07') ,
	(42, 'VTGW5IKQ', 2, '2023-06-05') ,
	(43, 'VTGW5IKQ', 3, '2023-04-01') ,
	(44, 'OGXWAY56', 1, '2023-08-06') ,
	(45, 'OGXWAY56', 2, '2023-08-10') ,
	(46, 'S09F8U31', 1, '2023-04-28') ,
	(47, 'F34NABJ9', 1, '2023-10-30') ,
	(48, 'F34NABJ9', 2, '2023-04-10') ,
	(49, 'F34NABJ9', 3, '2023-04-16') ,
	(50, 'F34NABJ9', 4, '2023-10-23') ,
	(11, 'UT5SJ6M2', 1, '2023-06-16') ,
	(12, 'UT5SJ6M2', 2, '2023-10-13') ,
	(13, 'UT5SJ6M2', 3, '2023-08-16') ,
	(14, 'QZUR342A', 1, '2023-04-25') ,
	(15, 'OBDP6NZJ', 1, '2023-07-08') ,
	(16, 'OBDP6NZJ', 2, '2023-09-27') ,
	(17, 'OBDP6NZJ', 3, '2023-06-12') ,
	(18, 'S406ZTJ3', 1, '2023-04-13') ,
	(19, 'S406ZTJ3', 2, '2023-07-25') ,
	(20, 'S406ZTJ3', 3, '2023-11-03') ,
	(21, 'S406ZTJ3', 4, '2023-10-03') ,
	(22, 'S406ZTJ3', 5, '2023-07-04') ,
	(23, 'R4PAO5MZ', 1, '2023-06-30') ,
	(24, 'R4PAO5MZ', 2, '2023-11-06') ,
	(25, 'R4PAO5MZ', 3, '2023-10-15') ,
	(26, 'R4PAO5MZ', 4, '2023-09-08') ,
	(27, 'L6YIKWCM', 1, '2023-11-30') ,
	(28, 'L6YIKWCM', 2, '2023-09-21') ,
	(29, 'L6YIKWCM', 3, '2023-08-08') ,
	(30, 'I3C4FHZR', 1, '2023-08-02') ,
	(31, 'I3C4FHZR', 2, '2023-06-06') ,
	(32, 'T734NSG9', 1, '2023-06-06') ,
	(33, 'T734NSG9', 2, '2023-06-18') ,
	(34, 'T734NSG9', 3, '2023-07-22') ,
	(35, 'T734NSG9', 4, '2023-06-21') ,
	(36, 'T734NSG9', 5, '2023-04-21') ,
	(37, 'QCTUM3ED', 1, '2023-08-18') ,
	(38, 'QCTUM3ED', 2, '2023-10-04') ,
	(39, 'QCTUM3ED', 3, '2023-09-30') ,
	(40, 'QCTUM3ED', 4, '2023-09-18') ,
	(41, 'AZK57PVE', 1, '2023-05-20') ,
	(42, 'AZK57PVE', 2, '2023-07-15') ,
	(43, 'AZK57PVE', 3, '2023-07-01') ,
	(44, 'JX423AOQ', 1, '2023-07-07') ,
	(45, 'JX423AOQ', 2, '2023-05-13') ,
	(46, 'JX423AOQ', 3, '2023-07-05') ,
	(47, 'JX423AOQ', 4, '2023-05-25') ,
	(48, 'NP18SAT2', 1, '2023-04-08') ,
	(49, 'NP18SAT2', 2, '2023-05-05') ,
	(50, 'NP18SAT2', 3, '2023-05-31') ,
	(11, 'NP18SAT2', 4, '2023-06-01') ,
	(12, 'NP18SAT2', 5, '2023-07-25') ,
	(13, '24BRCFLI', 1, '2023-07-08') ,
	(14, '24BRCFLI', 2, '2023-04-08') ,
	(15, '24BRCFLI', 3, '2023-04-15') ,
	(16, '0JE7HWK4', 1, '2023-07-06') ,
	(17, '0JE7HWK4', 2, '2023-04-19') ,
	(18, '0JE7HWK4', 3, '2023-06-26') ,
	(19, 'C5LT7MAE', 1, '2023-10-02') ,
	(20, 'C5LT7MAE', 2, '2023-05-18') ,
	(21, 'C5LT7MAE', 3, '2023-11-06') ,
	(22, '9KHLTVBE', 1, '2023-11-16') ,
	(23, 'I7UO0XCB', 1, '2023-07-29') ,
	(24, 'I7UO0XCB', 2, '2023-07-21') ,
	(25, 'I7UO0XCB', 3, '2023-08-05') ,
	(26, 'I7UO0XCB', 4, '2023-07-14') ,
	(27, '75QVRSYE', 1, '2023-04-03') ,
	(28, '75QVRSYE', 2, '2023-09-28') ,
	(29, '75QVRSYE', 3, '2023-07-11') ,
	(30, 'ZE57VLIO', 1, '2023-06-10') ,
	(31, 'DYGVZ8M1', 1, '2023-08-31') ,
	(32, 'DYGVZ8M1', 2, '2023-04-29') ,
	(33, 'AS4W0GN1', 1, '2023-08-28') ,
	(34, 'AS4W0GN1', 2, '2023-07-31') ,
	(35, 'AS4W0GN1', 3, '2023-05-09') ,
	(36, 'WAXG1J4K', 1, '2023-09-29') ,
	(37, 'WAXG1J4K', 2, '2023-04-22') ,
	(38, 'WAXG1J4K', 3, '2023-09-23') ,
	(39, 'EF1XLDR4', 1, '2023-12-02') ,
	(40, 'CGPL2BH5', 1, '2023-11-25') ,
	(41, 'CGPL2BH5', 2, '2023-06-05') ,
	(42, 'CGPL2BH5', 3, '2023-04-19') ,
	(43, '01P4WA83', 1, '2023-08-28') ,
	(44, '01P4WA83', 2, '2023-08-11') ,
	(45, 'NGYR4HBF', 1, '2023-08-16') ,
	(46, 'NGYR4HBF', 2, '2023-10-18') ,
	(47, 'BTXCZMQ7', 1, '2023-09-01') ,
	(48, 'BTXCZMQ7', 2, '2023-09-30') ,
	(49, 'BTXCZMQ7', 3, '2023-10-12') ,
	(50, 'BTXCZMQ7', 4, '2023-10-25') ,
	(11, 'MRH0OL8K', 1, '2023-05-16') ,
	(12, 'MRH0OL8K', 2, '2023-11-09') ,
	(13, 'MRH0OL8K', 3, '2023-09-28') ,
	(14, 'MRH0OL8K', 4, '2023-04-02') ,
	(15, '1KIHSMQ5', 1, '2023-07-18') ,
	(16, 'YB1PUZA9', 1, '2023-07-20') ,
	(17, 'BJ7DQLOG', 1, '2023-08-16') ,
	(18, 'BJ7DQLOG', 2, '2023-10-01') ,
	(19, 'BJ7DQLOG', 3, '2023-06-02') ,
	(20, 'BJ7DQLOG', 4, '2023-05-24') ,
	(21, 'BJ7DQLOG', 5, '2023-04-25') ,
	(22, 'R7JZFNEA', 1, '2023-09-26') ,
	(23, 'R7JZFNEA', 2, '2023-08-01') ,
	(24, 'R7JZFNEA', 3, '2023-11-13') ,
	(25, 'R7JZFNEA', 4, '2023-08-09') ,
	(26, 'R7JZFNEA', 5, '2023-10-14') ,
	(27, 'E3WRYMZ4', 1, '2023-05-08') ,
	(28, 'E3WRYMZ4', 2, '2023-11-23') ,
	(29, 'E3WRYMZ4', 3, '2023-08-11') ,
	(30, 'E3WRYMZ4', 4, '2023-05-06') ,
	(31, 'E3WRYMZ4', 5, '2023-08-22') ,
	(32, '9QGKFV2E', 1, '2023-04-09') ,
	(33, 'FCR3M2Q5', 1, '2023-06-13') ,
	(34, 'FCR3M2Q5', 2, '2023-10-09') ,
	(35, 'PKA4NOX5', 1, '2023-07-29') ,
	(36, 'PKA4NOX5', 2, '2023-09-01') ,
	(37, 'PKA4NOX5', 3, '2023-04-30') ,
	(38, 'PKA4NOX5', 4, '2023-08-06') ,
	(39, 'PKA4NOX5', 5, '2023-06-17') ,
	(40, 'OQL97AS0', 1, '2023-11-28') ,
	(41, 'OQL97AS0', 2, '2023-11-13') ,
	(42, 'TKQEYG9C', 1, '2023-11-18') ,
	(43, 'TN3AHCSK', 1, '2023-05-17') ,
	(44, 'TN3AHCSK', 2, '2023-11-29') ,
	(45, 'TN3AHCSK', 3, '2023-06-23') ,
	(46, 'TN3AHCSK', 4, '2023-10-20') ,
	(47, 'IHZFKWV2', 1, '2023-11-27') ,
	(48, 'PZH1N5DJ', 1, '2023-10-18') ,
	(49, 'PZH1N5DJ', 2, '2023-08-19') ,
	(50, 'PZH1N5DJ', 3, '2023-07-02') ,
	(11, 'PZH1N5DJ', 4, '2023-07-30') ,
	(12, 'BHGDWU1F', 1, '2023-08-27') ,
	(13, 'BHGDWU1F', 2, '2023-11-25') ,
	(14, 'BHGDWU1F', 3, '2023-10-10') ,
	(15, 'BHGDWU1F', 4, '2023-09-20') ,
	(16, 'XLWO4KRU', 1, '2023-10-24') ,
	(17, 'XLWO4KRU', 2, '2023-04-21') ,
	(18, 'XLWO4KRU', 3, '2023-05-10') ,
	(19, 'XLWO4KRU', 4, '2023-08-19') ,
	(20, 'U03JQ7CY', 1, '2023-05-23') ,
	(21, 'U03JQ7CY', 2, '2023-06-25') ,
	(22, '04T38DEP', 1, '2023-05-16') ,
	(23, 'FSL6OD0N', 1, '2023-04-07') ,
	(24, 'FSL6OD0N', 2, '2023-08-26') ,
	(25, 'FSL6OD0N', 3, '2023-11-28') ,
	(26, 'MUOB6RSE', 1, '2023-07-15') ,
	(27, 'MUOB6RSE', 2, '2023-05-03') ,
	(28, 'MUOB6RSE', 3, '2023-09-19') ,
	(29, 'MUOB6RSE', 4, '2023-11-25') ,
	(30, 'YTQX0KGJ', 1, '2023-06-01') ,
	(31, 'YTQX0KGJ', 2, '2023-11-22') ,
	(32, 'YTQX0KGJ', 3, '2023-04-06') ,
	(33, 'C7HQ1EB8', 1, '2023-09-09') ,
	(34, 'C7HQ1EB8', 2, '2023-09-12') ,
	(35, 'C7HQ1EB8', 3, '2023-10-29') ,
	(36, 'C7HQ1EB8', 4, '2023-07-02') ,
	(37, 'TZE4NRLC', 1, '2023-06-30') ,
	(38, 'M3X65GIN', 1, '2023-11-15') ,
	(39, 'M3X65GIN', 2, '2023-10-01') ,
	(40, 'M3X65GIN', 3, '2023-10-31') ,
	(41, 'K875ZT03', 1, '2023-05-20') ,
	(42, 'K875ZT03', 2, '2023-09-09') ,
	(43, 'K875ZT03', 3, '2023-09-05') ,
	(44, 'K875ZT03', 4, '2023-05-30') ,
	(45, 'K875ZT03', 5, '2023-07-05') ,
	(46, 'S1LH5RDF', 1, '2023-09-27') ,
	(47, 'S1LH5RDF', 2, '2023-09-26') ,
	(48, 'S1LH5RDF', 3, '2023-07-17') ,
	(49, 'S1LH5RDF', 4, '2023-09-19') ,
	(50, 'IQE920GX', 1, '2023-09-30') ,
	(11, 'IQE920GX', 2, '2023-07-02') ,
	(12, 'IQE920GX', 3, '2023-05-05') ,
	(13, 'IECUWXBO', 1, '2023-08-10') ,
	(14, 'IECUWXBO', 2, '2023-07-27') ,
	(15, 'IECUWXBO', 3, '2023-09-25') ,
	(16, 'IECUWXBO', 4, '2023-05-13') ,
	(17, 'IECUWXBO', 5, '2023-11-12') ,
	(18, 'FZNOJTRU', 1, '2023-05-02') ,
	(19, 'FZNOJTRU', 2, '2023-08-10') ,
	(20, 'ZSLMFT4I', 1, '2023-10-07') ,
	(21, 'ZSLMFT4I', 2, '2023-10-17') ,
	(22, 'ZSLMFT4I', 3, '2023-05-30') ,
	(23, 'ZSLMFT4I', 4, '2023-05-04') ,
	(24, 'JSFKCQP6', 1, '2023-09-03') ,
	(25, 'JSFKCQP6', 2, '2023-10-22') ,
	(26, 'JSFKCQP6', 3, '2023-04-23') ,
	(27, 'JSFKCQP6', 4, '2023-08-04') ,
	(28, 'JSFKCQP6', 5, '2023-05-15') ,
	(29, 'NGZVR3TO', 1, '2023-06-12') ,
	(30, 'NGZVR3TO', 2, '2023-07-02') ,
	(31, 'T1SLX9WK', 1, '2023-05-13') ,
	(32, 'T1SLX9WK', 2, '2023-05-01') ,
	(33, '5FC62IP7', 1, '2023-04-13') ,
	(34, '5FC62IP7', 2, '2023-08-26') ,
	(35, '5FC62IP7', 3, '2023-06-25') ,
	(36, '5FC62IP7', 4, '2023-10-01') ,
	(37, '5FC62IP7', 5, '2023-06-24') ,
	(38, 'RT3SBZGU', 1, '2023-05-28') ,
	(39, 'RT3SBZGU', 2, '2023-10-20') ,
	(40, 'RT3SBZGU', 3, '2023-08-27') ,
	(41, 'RT3SBZGU', 4, '2023-04-13') ,
	(42, 'EF24TWCO', 1, '2023-05-13') ,
	(43, 'EF24TWCO', 2, '2023-08-25') ,
	(44, 'EF24TWCO', 3, '2023-05-18') ,
	(45, 'EF24TWCO', 4, '2023-05-10') ,
	(46, 'EF24TWCO', 5, '2023-04-26') ,
	(47, 'CFZSXAN1', 1, '2023-11-24') ,
	(48, 'GXWFCAP7', 1, '2023-04-12') ,
	(49, 'GXWFCAP7', 2, '2023-06-04') ,
	(50, 'GXWFCAP7', 3, '2023-09-25') ,
	(11, 'GXWFCAP7', 4, '2023-07-04') ,
	(12, 'LIAXVYWN', 1, '2023-05-17') ,
	(13, 'LIAXVYWN', 2, '2023-07-08') ,
	(14, 'LIAXVYWN', 3, '2023-09-23') ,
	(15, '7EDZ1N3M', 1, '2023-06-12') ,
	(16, '7EDZ1N3M', 2, '2023-06-23') ,
	(17, 'U7J6R2CO', 1, '2023-11-28') ,
	(18, 'U7J6R2CO', 2, '2023-04-18') ,
	(19, 'U7J6R2CO', 3, '2023-07-26') ,
	(20, 'JYW356LQ', 1, '2023-10-16') ,
	(21, 'Z54876WU', 1, '2023-10-25') ,
	(22, 'Z54876WU', 2, '2023-11-19') ,
	(23, '685OXFVJ', 1, '2023-11-21') ,
	(24, '685OXFVJ', 2, '2023-09-04') ,
	(25, '685OXFVJ', 3, '2023-04-01') ,
	(26, '685OXFVJ', 4, '2023-08-07') ,
	(27, '685OXFVJ', 5, '2023-05-22') ,
	(28, 'FMEVUSZ0', 1, '2023-09-29') ,
	(29, 'FMEVUSZ0', 2, '2023-06-14') ,
	(30, 'FMEVUSZ0', 3, '2023-09-16') ,
	(31, 'D4MJ79XW', 1, '2023-06-26') ,
	(32, 'D4MJ79XW', 2, '2023-06-15') ,
	(33, '1LOT02AP', 1, '2023-10-24') ,
	(34, 'PA127T3L', 1, '2023-06-24') ,
	(35, 'PA127T3L', 2, '2023-09-11') ,
	(36, 'YR8D6OXL', 1, '2023-04-07') ,
	(37, 'YR8D6OXL', 2, '2023-04-22') ,
	(38, 'YR8D6OXL', 3, '2023-06-18') ,
	(39, 'YR8D6OXL', 4, '2023-08-26') ,
	(40, 'YR8D6OXL', 5, '2023-11-01') ,
	(41, 'F0BES6JR', 1, '2023-05-15') ,
	(42, 'F0BES6JR', 2, '2023-06-26') ,
	(43, 'F0BES6JR', 3, '2023-04-01') ,
	(44, 'F0BES6JR', 4, '2023-04-13') ,
	(45, 'F0BES6JR', 5, '2023-09-21') ,
	(46, 'BR6SNIUC', 1, '2023-04-26') ,
	(47, 'T9LQWKYE', 1, '2023-08-22') ,
	(48, 'T9LQWKYE', 2, '2023-11-03') ,
	(49, 'T9LQWKYE', 3, '2023-04-19') ,
	(50, 'T9LQWKYE', 4, '2023-08-17') ,
	(11, 'T9LQWKYE', 5, '2023-09-20') ,
	(12, '3KLN64OH', 1, '2023-08-14') ,
	(13, '3KLN64OH', 2, '2023-04-29') ,
	(14, '3KLN64OH', 3, '2023-09-07') ,
	(15, '3KLN64OH', 4, '2023-07-18') ,
	(16, '7G6QOJ30', 1, '2023-07-05') ,
	(17, '7G6QOJ30', 2, '2023-05-15') ,
	(18, '2JIP95QO', 1, '2023-04-25') ,
	(19, '2JIP95QO', 2, '2023-12-03') ,
	(20, '2JIP95QO', 3, '2023-04-11') ,
	(21, '2JIP95QO', 4, '2023-11-18') ,
	(22, '2JIP95QO', 5, '2023-10-12') ,
	(23, 'U1QWA9VX', 1, '2023-09-30') ,
	(24, 'U1QWA9VX', 2, '2023-06-08') ,
	(25, 'FZX12RDQ', 1, '2023-09-10') ,
	(26, '32JACB1L', 1, '2023-08-22') ,
	(27, '32JACB1L', 2, '2023-10-17') ,
	(28, '32JACB1L', 3, '2023-05-15') ,
	(29, '32JACB1L', 4, '2023-09-11') ,
	(30, 'QI7OU9SV', 1, '2023-05-06') ,
	(31, 'QI7OU9SV', 2, '2023-07-03') ,
	(32, 'QI7OU9SV', 3, '2023-04-18') ,
	(33, 'QI7OU9SV', 4, '2023-10-13') ,
	(34, 'QI7OU9SV', 5, '2023-06-15') ,
	(35, 'OJ49NZL1', 1, '2023-07-12') ,
	(36, 'DU1XALK0', 1, '2023-08-09') ,
	(37, 'JMYUB4EI', 1, '2023-10-16') ,
	(38, 'JMYUB4EI', 2, '2023-04-06') ,
	(39, 'QNRKIJ8G', 1, '2023-11-07') ,
	(40, 'QNRKIJ8G', 2, '2023-09-22') ,
	(41, 'QNRKIJ8G', 3, '2023-11-28') ,
	(42, 'QNRKIJ8G', 4, '2023-09-28') ;
	

INSERT INTO end_time_founder (s_day,start_time,end_time)
	VALUES

	('thursday', '12:00:00', '14:00:00') ,
	('friday', '09:45:00', '11:45:00') ,
	('sunday', '17:15:00', '19:15:00') ,
	('saturday', '08:45:00', '10:45:00') ,
	('tuesday', '13:45:00', '15:45:00') ,
	('saturday', '13:45:00', '15:45:00') ,
	('thursday', '10:45:00', '12:45:00') ,
	('sunday', '19:45:00', '21:45:00') ,
	('thursday', '16:30:00', '18:30:00') ,
	('wednesday', '17:15:00', '19:15:00') ,
	('monday', '08:45:00', '10:45:00') ,
	('friday', '19:00:00', '21:00:00') ,
	('wednesday', '18:00:00', '20:00:00') ,
	('wednesday', '20:45:00', '22:45:00') ,
	('saturday', '20:30:00', '22:30:00') ,
	('sunday', '18:15:00', '20:15:00') ,
	('wednesday', '16:30:00', '18:30:00') ,
	('monday', '14:45:00', '16:45:00') ,
	('saturday', '21:15:00', '23:15:00') ,
	('sunday', '16:00:00', '18:00:00') ,
	('saturday', '15:00:00', '17:00:00') ,
	('tuesday', '20:45:00', '22:45:00') ,
	('tuesday', '20:00:00', '22:00:00') ,
	('sunday', '16:15:00', '18:15:00') ,
	('tuesday', '11:15:00', '13:15:00') ,
	('friday', '20:45:00', '22:45:00') ,
	('monday', '17:15:00', '19:15:00') ,
	('thursday', '19:15:00', '21:15:00') ,
	('friday', '16:45:00', '18:45:00') ,
	('wednesday', '17:00:00', '19:00:00') ,
	('tuesday', '10:00:00', '12:00:00') ,
	('wednesday', '09:45:00', '11:45:00') ,
	('friday', '12:30:00', '14:30:00') ,
	('monday', '09:00:00', '11:00:00') ,
	('sunday', '14:15:00', '16:15:00') ,
	('saturday', '18:15:00', '20:15:00') ,
	('wednesday', '19:30:00', '21:30:00') ,
	('thursday', '15:15:00', '17:15:00') ,
	('friday', '15:30:00', '17:30:00') ,
	('sunday', '10:15:00', '12:15:00') ,
	('tuesday', '16:15:00', '18:15:00') ,
	('saturday', '10:00:00', '12:00:00') ,
	('wednesday', '21:30:00', '23:30:00') ,
	('thursday', '10:15:00', '12:15:00') ,
	('saturday', '19:30:00', '21:30:00') ,
	('tuesday', '09:45:00', '11:45:00') ,
	('friday', '10:00:00', '12:00:00') ,
	('monday', '20:00:00', '22:00:00') ,
	('tuesday', '09:30:00', '11:30:00') ,
	('friday', '12:45:00', '14:45:00') ,
	('thursday', '14:00:00', '16:00:00') ;

-- Insert missing entries into Min_age_founder table
INSERT INTO Min_age_founder 
	(d_name, minimum_age)  
	VALUES
	('Cardio', 18),
	('Weightlifting', 16),
	('Yoga', 14),
	('Spin Class', 16),
	('Pilates', 18),
	('CrossFit', 20),
	('Zumba', 15),
	('Boxing', 18),
	('Bootcamp', 17),
	('Martial Arts', 16),
	('Aerobics', 15),
	('Swimming', 14),
	('Barre', 16),
	('Kickboxing', 18),
	('Plyometrics', 17),
	('Circuit Training', 16),
	('Functional Training', 18),
	('Stretching', 14),
	('TRX', 17),
	('HIIT', 18);

-- Then insert into Discipline table
INSERT INTO discipline 
	(price,d_name) 
	VALUES
	(250, 'Cardio'),
	(300, 'Weightlifting'),
	(400, 'Yoga'),
	(220, 'Spin Class'),
	(500, 'Pilates'),
	(450, 'CrossFit'),
	(350, 'Zumba'),
	(520, 'Boxing'),
	(270, 'Bootcamp'),
	(230, 'Martial Arts'),
	(480, 'Aerobics'),
	(330, 'Swimming'),
	(420, 'Barre'),
	(510, 'Kickboxing'),
	(240, 'Plyometrics'),
	(275, 'Circuit Training'),
	(320, 'Functional Training'),
	(430, 'Stretching'),
	(520, 'TRX'),
	(260, 'HIIT');

INSERT INTO S_session 
	(s_day,start_time,discipline_id,space_id) 
	VALUES
	('friday', '09:45:00', 2,14) ,
	('thursday', '12:00:00', 2,34),
	('thursday', '12:00:00', 6, 28) ,
	('friday', '09:45:00', 9, 27) ,
	('sunday', '17:15:00', 13, 34) ,
	('saturday', '08:45:00', 4, 31) ,
	('tuesday', '13:45:00', 17, 35) ,
	('thursday', '12:00:00', 16, 17) ,
	('friday', '09:45:00', 17, 37) ,
	('sunday', '17:15:00', 1, 45) ,
	('saturday', '08:45:00', 19, 21) ,
	('tuesday', '13:45:00', 4, 30) ,
	('sunday', '19:45:00', 16, 24) ,
	('thursday', '16:30:00', 11, 18) ,
	('wednesday', '17:15:00', 4, 11) ,
	('monday', '08:45:00', 1, 27) ,
	('friday', '19:00:00', 17, 18) ,
	('wednesday', '18:00:00', 16, 14) ,
	('wednesday', '20:45:00', 17, 46) ,
	('saturday', '20:30:00', 16, 29) ,
	('sunday', '18:15:00', 20, 44) ,
	('wednesday', '16:30:00', 15, 48) ,
	('saturday', '21:15:00', 15, 49),
	('thursday', '12:00:00', 1, 18) ,
	('friday', '09:45:00', 2, 42) ,
	('sunday', '17:15:00', 3, 12) ,
	('saturday', '08:45:00', 4, 47) ,
	('tuesday', '13:45:00', 5, 22) ,
	('saturday', '13:45:00', 6, 27) ,
	('thursday', '10:45:00', 7, 13) ,
	('sunday', '19:45:00', 8, 38) ,
	('thursday', '16:30:00', 9, 17) ,
	('wednesday', '17:15:00', 10, 22) ,
	('monday', '08:45:00', 11, 43) ,
	('friday', '19:00:00', 12, 33) ,
	('wednesday', '18:00:00', 13, 21) ,
	('saturday', '20:30:00', 15, 15) ,
	('sunday', '18:15:00', 16, 50) ,
	('wednesday', '16:30:00', 17, 15) ,
	('monday', '14:45:00', 18, 23) ,
	('saturday', '21:15:00', 19, 26) ;

INSERT INTO checks(technician_id,space_id)
	values
	(30,30),
	(40,40),
	(35,45),
	(45,35);	

INSERT INTO maintains (barcode,equipment_id,technician_id)
	values
	('NEAMSWH0', 3, 40) ,
	('NEAMSWH0', 2, 45) ,
	('NEAMSWH0', 1, 29) ,
	('HGL5WQ2M', 2, 43) ,
	('HGL5WQ2M', 1, 30) ,
	('CLF3UJSM', 3, 33) ,
	('CLF3UJSM', 2, 35) ,
	('CLF3UJSM', 1, 42) ,
	('Z8Y76MLB', 5, 36) ,
	('Z8Y76MLB', 4, 47) ,
	('Z8Y76MLB', 3, 47) ,
	('Z8Y76MLB', 2, 43) ,
	('Z8Y76MLB', 1, 49) ,
	('OAHIQMUL', 3, 40) ,
	('OAHIQMUL', 2, 39) ,
	('OAHIQMUL', 1, 37) ,
	('5UY7LP1E', 1, 36) ,
	('N3LX8CKI', 5, 37) ,
	('N3LX8CKI', 4, 45) ,
	('N3LX8CKI', 3, 44) ,
	('N3LX8CKI', 2, 32) ,
	('N3LX8CKI', 1, 42) ,
	('NCG812HK', 1, 35) ,
	('XIH26TLK', 3, 29) ,
	('XIH26TLK', 2, 49) ,
	('XIH26TLK', 1, 46) ,
	('Y8J03HWV', 3, 31) ,
	('Y8J03HWV', 2, 38) ,
	('Y8J03HWV', 1, 37) ,
	('40ZMAXVK', 3, 34) ,
	('40ZMAXVK', 2, 41) ,
	('40ZMAXVK', 1, 29) ,
	('S16UA3LI', 3, 36) ,
	('S16UA3LI', 2, 37) ,
	('S16UA3LI', 1, 35) ,
	('RWPLH0Q2', 3, 48) ,
	('RWPLH0Q2', 2, 32) ,
	('RWPLH0Q2', 1, 43) ,
	('92CPMSX5', 4, 46) ,
	('92CPMSX5', 3, 30) ,
	('92CPMSX5', 2, 38) ,
	('92CPMSX5', 1, 39) ,
	('F6LJAV4X', 5, 43) ,
	('F6LJAV4X', 4, 46) ,
	('F6LJAV4X', 3, 31) ,
	('F6LJAV4X', 2, 43) ,
	('F6LJAV4X', 1, 36) ,
	('VUJGTOF8', 5, 42) ,
	('VUJGTOF8', 4, 44) ,
	('VUJGTOF8', 3, 50) ,
	('VUJGTOF8', 2, 43) ,
	('VUJGTOF8', 1, 31) ,
	('470ICSUQ', 2, 47) ,
	('470ICSUQ', 1, 31) ,
	('059NQJD4', 1, 46) ,
	('BYJ2317X', 2, 31) ,
	('BYJ2317X', 1, 37) ,
	('895UEQS2', 5, 38) ,
	('895UEQS2', 4, 32) ,
	('895UEQS2', 3, 42) ,
	('895UEQS2', 2, 49) ,
	('895UEQS2', 1, 29) ,
	('RNSOAP3T', 1, 34) ,
	('PU0C9365', 4, 49) ,
	('PU0C9365', 3, 40) ,
	('PU0C9365', 2, 50) ,
	('PU0C9365', 1, 50) ,
	('YG847D95', 4, 43) ,
	('YG847D95', 3, 38) ,
	('YG847D95', 2, 50) ,
	('YG847D95', 1, 35) ,
	('5THI8DR1', 1, 47) ,
	('NB14T2IY', 1, 31) ,
	('SVIXPO0B', 3, 48) ,
	('SVIXPO0B', 2, 42) ,
	('SVIXPO0B', 1, 42) ,
	('UYONIQJ7', 2, 50) ,
	('NEAMSWH0', 3, 40) ;

INSERT INTO has(membership_id,discipline_id)
	VALUES
	(80, 1) ,
	(50, 6) ,
	(61, 6) ,
	(91, 7) ,
	(42, 2) ,
	(125, 9) ,
	(11, 5) ,
	(75, 8) ,
	(52, 15) ,
	(103, 8) ,
	(84, 13) ,
	(53, 7) ,
	(64, 7) ,
	(87, 9) ,
	(53, 16) ,
	(56, 12) ,
	(37, 8) ,
	(3, 15) ,
	(68, 4) ,
	(121, 16) ,
	(7, 3) ,
	(18, 3) ,
	(18, 12) ,
	(110, 15) ,
	(8, 4) ,
	(30, 4) ,
	(60, 5) ,
	(94, 7) ,
	(94, 16) ,
	(114, 3) ,
	(95, 8) ,
	(106, 8) ,
	(117, 5) ,
	(72, 15) ,
	(22, 14) ,
	(34, 16) ,
	(14, 10) ,
	(65, 3) ,
	(98, 9) ,
	(26, 2) ,
	(38, 4) ,
	(49, 4) ,
	(71, 1) ,
	(15, 11) ,
	(90, 14) ,
	(101, 14) ,
	(7, 7) ,
	(110, 10) ,
	(91, 6) ,
	(11, 4) ,
	(41, 5) ,
	(52, 5) ,
	(72, 1) ,
	(106, 3) ,
	(72, 10) ,
	(64, 6) ,
	(120, 5) ,
	(97, 12) ,
	(109, 14) ,
	(14, 5) ,
	(120, 14) ,
	(37, 16) ,
	(121, 15) ,
	(79, 9) ,
	(7, 2) ,
	(18, 11) ,
	(48, 12) ,
	(82, 14) ,
	(29, 8) ,
	(102, 1) ,
	(21, 13) ,
	(124, 7) ,
	(75, 2) ,
	(75, 11) ,
	(105, 12) ,
	(25, 1) ,
	(33, 14) ,
	(2, 8) ,
	(53, 1) ,
	(117, 13) ,
	(22, 4) ,
	(45, 6) ,
	(120, 9) ,
	(26, 1) ,
	(48, 7) ,
	(29, 3) ,
	(40, 3) ,
	(63, 5) ,
	(63, 14) ,
	(60, 8) ,
	(52, 4) ,
	(75, 6) ,
	(116, 7) ,
	(10, 7) ,
	(33, 9) ,
	(66, 15) ,
	(86, 2) ,
	(97, 11) ,
	(120, 13) ,
	(3, 4) ,
	(67, 7) ,
	(78, 7) ,
	(89, 7) ,
	(36, 1) ,
	(78, 16) ,
	(36, 10) ,
	(113, 1) ,
	(48, 2) ,
	(71, 4) ,
	(123, 5) ,
	(48, 11) ,
	(29, 7) ,
	(6, 14) ,
	(40, 16) ,
	(21, 12) ,
	(60, 3) ,
	(93, 9) ,
	(116, 11) ,
	(108, 7) ,
	(10, 11) ,
	(25, 9) ,
	(66, 10) ,
	(2, 16) ,
	(117, 3) ,
	(13, 13) ,
	(109, 8) ,
	(67, 2) ,
	(86, 15) ,
	(97, 15) ,
	(70, 7) ,
	(17, 1) ,
	(28, 10) ,
	(63, 4) ,
	(40, 2) ,
	(115, 5) ,
	(115, 14) ,
	(124, 1) ,
	(116, 6) ,
	(105, 15) ,
	(116, 15) ,
	(85, 9) ,
	(2, 2) ,
	(66, 5) ,
	(86, 1) ,
	(119, 16) ,
	(59, 11) ,
	(17, 5) ,
	(28, 5) ,
	(92, 8) ,
	(9, 1) ,
	(17, 14) ,
	(9, 10) ,
	(123, 4) ,
	(6, 4) ,
	(21, 2) ,
	(6, 13) ,
	(81, 16) ,
	(74, 4) ,
	(32, 7) ,
	(96, 10) ,
	(32, 16) ,
	(67, 1) ,
	(70, 6) ,
	(100, 7) ,
	(77, 14) ,
	(100, 16) ,
	(28, 9) ,
	(92, 12) ,
	(50, 15) ,
	(112, 8) ,
	(104, 4) ,
	(81, 11) ,
	(104, 13) ,
	(115, 13) ,
	(39, 5) ,
	(62, 7) ,
	(73, 7) ,
	(20, 1) ,
	(31, 1) ,
	(73, 16) ,
	(54, 12) ,
	(23, 15) ,
	(108, 1) ,
	(74, 8) ,
	(85, 8) ,
	(96, 5) ,
	(32, 11) ,
	(118, 14) ,
	(88, 10) ,
	(1, 14) ,
	(24, 16) ,
	(119, 6) ,
	(100, 11) ,
	(111, 11) ,
	(5, 2) ,
	(17, 4) ,
	(92, 7) ,
	(61, 10) ,
	(123, 3) ,
	(62, 2) ,
	(81, 15) ,
	(73, 11) ,
	(20, 14) ,
	(31, 14) ,
	(4, 6) ,
	(51, 10) ,
	(43, 6) ,
	(99, 5) ,
	(35, 11) ,
	(65, 12) ,
	(76, 12) ,
	(88, 14) ,
	(46, 8) ,
	(16, 16) ,
	(119, 1) ,
	(77, 4) ,
	(111, 6) ,
	(100, 15) ,
	(69, 9) ,
	(80, 9) ,
	(27, 12) ,
	(50, 14) ,
	(42, 10) ,
	(114, 7) ,
	(95, 3) ,
	(31, 9) ,
	(84, 12) ,
	(95, 12) ,
	(106, 12) ,
	(12, 14) ,
	(53, 15) ,
	(4, 10) ,
	(118, 4) ,
	(96, 13) ,
	(88, 9) ,
	(99, 9) ,
	(57, 3) ,
	(49, 8) ,
	(26, 15) ,
	(111, 1) ,
	(69, 4) ,
	(125, 3) ,
	(69, 13) ,
	(27, 7) ,
	(61, 9) ,
	(19, 3) ,
	(30, 12) ,
	(114, 2) ,
	(122, 15) ,
	(20, 4) ,
	(87, 3) ,
	(72, 14) ,
	(23, 9) ,
	(34, 15) ,
	(45, 15) ,
	(96, 8) ,
	(99, 13) ,
	(68, 16) ,
	(15, 10) ,
	(26, 10) ,
	(113, 15) ,
	(77, 3) ,
	(27, 2) ,
	(91, 5) ,
	(125, 7) ,
	(30, 7) ,
	(83, 10) ,
	(94, 10) ,
	(8, 16) ,
	(103, 6) ,
	(114, 6) ,
	(84, 11) ,
	(23, 4) ,
	(64, 14) ,
	(4, 9) ,
	(45, 10) ,
	(56, 10) ,
	(37, 6) ,
	(118, 3) ,
	(68, 2) ,
	(121, 5) ,
	(65, 15) ,
	(76, 15) ,
	(57, 11) ,
	(98, 12) ,
	(121, 14) ,
	(7, 1) ,
	(15, 14) ,
	(38, 16) ,
	(49, 16) ,
	(125, 2) ,
	(91, 9) ,
	(102, 9) ,
	(8, 2) ,
	(42, 4) ,
	(8, 11) ,
	(19, 11) ,
	(41, 8) ,
	(11, 16) ,
	(103, 10) ,
	(106, 6) ,
	(87, 2) ,
	(87, 11) ,
	(22, 3) ,
	(34, 5) ,
	(56, 5) ,
	(14, 8) ,
	(46, 6) ,
	(57, 6) ,
	(90, 12) ,
	(113, 14) ,
	(110, 8) ,
	(125, 15) ,
	(83, 9) ,
	(94, 9) ,
	(11, 2) ,
	(41, 3) ,
	(75, 5) ,
	(60, 16) ,
	(33, 8) ,
	(25, 4) ,
	(95, 1) ,
	(64, 13) ,
	(34, 9) ,
	(45, 9) ,
	(3, 3) ,
	(37, 5) ,
	(3, 12) ,
	(98, 11) ,
	(79, 7) ,
	(82, 3) ,
	(79, 16) ,
	(90, 16) ,
	(7, 9) ,
	(82, 12) ,
	(40, 15) ,
	(102, 8) ,
	(83, 4) ,
	(116, 10) ,
	(10, 1) ,
	(52, 16) ,
	(44, 12) ,
	(56, 4) ,
	(86, 5) ,
	(109, 7) ,
	(22, 11) ,
	(56, 13) ,
	(97, 14) ,
	(3, 7) ,
	(109, 16) ,
	(59, 6) ,
	(79, 2) ,
	(113, 4) ,
	(90, 11) ,
	(101, 11) ,
	(71, 7) ,
	(82, 7) ,
	(21, 15) ,
	(60, 6) ,
	(52, 11) ,
	(105, 14) ,
	(10, 5) ,
	(44, 7) ,
	(10, 14) ,
	(44, 16) ,
	(120, 2) ,
	(117, 15) ,
	(97, 9) ,
	(78, 5) ,
	(89, 5) ,
	(59, 1) ,
	(67, 14) ,
	(78, 14) ,
	(89, 14) ,
	(101, 6) ,
	(123, 12) ,
	(6, 12) ,
	(29, 14) ,
	(41, 6) ,
	(93, 7) ,
	(93, 16) ,
	(44, 11) ,
	(74, 12) ,
	(85, 12) ,
	(25, 7) ,
	(55, 7) ,
	(70, 14) ,
	(17, 8) ,
	(5, 15) ,
	(90, 1) ,
	(71, 6) ,
	(112, 7) ,
	(115, 3) ,
	(48, 13) ,
	(112, 16) ,
	(63, 11) ,
	(104, 12) ,
	(105, 4) ,
	(51, 5) ,
	(85, 7) ,
	(25, 2) ,
	(66, 3) ,
	(108, 9) ,
	(2, 9) ,
	(43, 10) ,
	(24, 15) ,
	(16, 11) ,
	(78, 13) ,
	(36, 7) ,
	(70, 9) ,
	(5, 10) ,
	(112, 2) ,
	(112, 11) ,
	(115, 16) ,
	(21, 9) ,
	(54, 6) ,
	(124, 3) ,
	(54, 15) ,
	(85, 2) ,
	(74, 11) ,
	(108, 13) ,
	(32, 5) ,
	(43, 5) ,
	(43, 14) ,
	(13, 10) ,
	(16, 15) ,
	(55, 6) ,
	(36, 2) ,
	(59, 4) ,
	(55, 15) ,
	(111, 5) ,
	(47, 11) ,
	(104, 11) ,
	(62, 5) ,
	(73, 14) ,
	(12, 13) ,
	(93, 10) ,
	(51, 13) ,
	(66, 11) ,
	(32, 9) ,
	(43, 9) ,
	(1, 3) ,
	(24, 5) ,
	(107, 12) ,
	(1, 12) ,
	(13, 14) ,
	(35, 14) ,
	(16, 10) ,
	(55, 1) ,
	(119, 13) ,
	(47, 6) ,
	(58, 3) ,
	(92, 14) ,
	(9, 7) ,
	(50, 8) ,
	(9, 16) ,
	(42, 13) ,
	(104, 6) ,
	(20, 3) ,
	(54, 5) ,
	(20, 12) ,
	(51, 8) ,
	(107, 7) ,
	(107, 16) ,
	(24, 9) ,
	(35, 9) ,
	(65, 10) ,
	(46, 15) ,
	(57, 15) ,
	(68, 15) ,
	(47, 1) ,
	(5, 4) ,
	(58, 7) ,
	(69, 7) ,
	(80, 7) ,
	(58, 16) ,
	(69, 16) ,
	(19, 15) ,
	(122, 9) ,
	(62, 4) ,
	(31, 7) ,
	(54, 9) ,
	(106, 10) ,
	(12, 3) ,
	(12, 12) ,
	(87, 15) ,
	(51, 3) ,
	(107, 2) ,
	(107, 11) ,
	(1, 2) ,
	(88, 7) ,
	(99, 7) ,
	(46, 1) ,
	(35, 13) ,
	(99, 16) ,
	(38, 6) ,
	(38, 15) ,
	(77, 6) ,
	(58, 2) ,
	(92, 4) ,
	(61, 16) ,
	(11, 6) ,
	(81, 3) ,
	(122, 4) ,
	(122, 13) ,
	(39, 6) ,
	(73, 8) ,
	(103, 9) ,
	(114, 9) ,
	(72, 12) ,
	(12, 7) ,
	(4, 3) ,
	(23, 16) ,
	(96, 15) ,
	(118, 15) ,
	(76, 9) ,
	(88, 11) ,
	(46, 5) ,
	(57, 14) ,
	(80, 6) ,
	(61, 2) ,
	(80, 15) ,
	(50, 11) ,
	(102, 12) ,
	(8, 5) ,
	(19, 5) ,
	(30, 5) ,
	(42, 7) ,
	(30, 14) ,
	(39, 1) ,
	(31, 6) ,
	(84, 9) ,
	(45, 8) ,
	(37, 13) ,
	(65, 4) ,
	(76, 4) ,
	(76, 13) ,
	(15, 3) ,
	(49, 5) ,
	(26, 12) ;

INSERT INTO Experts_in(employee_id,discipline_id)
	values
	(62, 8) ,
	(55, 2) ,
	(84, 20) ,
	(56, 1) ,
	(95, 20) ,
	(64, 14) ,
	(67, 13) ,
	(56, 10) ,
	(59, 9) ,
	(61, 6) ,
	(93, 4) ,
	(59, 18) ,
	(60, 10) ,
	(75, 8) ,
	(85, 18) ,
	(65, 15) ,
	(57, 11) ,
	(81, 5) ,
	(72, 11) ,
	(73, 10) ,
	(64, 7) ,
	(54, 6) ,
	(80, 3) ,
	(70, 2) ,
	(53, 16) ,
	(59, 11) ,
	(100, 12) ,
	(85, 2) ,
	(75, 1) ,
	(98, 14) ,
	(86, 3) ,
	(90, 19) ,
	(62, 12) ,
	(87, 11) ,
	(78, 8) ,
	(56, 5) ,
	(77, 12) ,
	(83, 7) ,
	(74, 4) ,
	(85, 4) ,
	(58, 17) ,
	(60, 14) ,
	(94, 16) ,
	(57, 6) ,
	(66, 18) ,
	(81, 9) ,
	(82, 8) ,
	(81, 18) ,
	(72, 15) ,
	(54, 1) ,
	(62, 14) ,
	(63, 13) ,
	(55, 8) ,
	(91, 4) ,
	(60, 7) ,
	(76, 3) ,
	(80, 19) ,
	(51, 13) ,
	(66, 11) ,
	(68, 8) ,
	(98, 9) ,
	(90, 5) ,
	(55, 1) ,
	(91, 6) ,
	(74, 8) ,
	(83, 20) ,
	(70, 20) ,
	(96, 5) ,
	(82, 3) ,
	(71, 12) ,
	(73, 9) ,
	(82, 12) ,
	(63, 8) ,
	(73, 18) ,
	(69, 5) ,
	(69, 14) ,
	(94, 13) ,
	(75, 9) ,
	(98, 4) ,
	(52, 16) ,
	(99, 12) ,
	(65, 19) ,
	(53, 8) ,
	(78, 10) ,
	(89, 10) ,
	(60, 4) ,
	(51, 1) ,
	(59, 6) ,
	(77, 20) ,
	(83, 6) ,
	(92, 9) ,
	(96, 9) ,
	(99, 5) ,
	(93, 19) ,
	(76, 12) ,
	(64, 1) ,
	(57, 17) ,
	(56, 6) ,
	(100, 6) ,
	(92, 11) ,
	(94, 8) ,
	(52, 2) ,
	(92, 20) ,
	(52, 11) ,
	(88, 7) ,
	(90, 13) ,
	(95, 12) ,
	(89, 5) ,
	(80, 2) ,
	(86, 18) ,
	(53, 15) ,
	(69, 11) ,
	(58, 20) ,
	(91, 17) ,
	(88, 9) ,
	(71, 2) ,
	(65, 16) ,
	(79, 15) ,
	(88, 18) ,
	(54, 4) ,
	(63, 16) ,
	(86, 11) ,
	(97, 11) ,
	(87, 10) ,
	(55, 5) ,
	(64, 17) ,
	(70, 12) ,
	(61, 9) ,
	(96, 6) ,
	(79, 8) ,
	(66, 17) ,
	(72, 5) ,
	(95, 7) ,
	(77, 1) ,
	(58, 6) ,
	(78, 18) ,
	(61, 11) ,
	(93, 9) ,
	(76, 2) ,
	(79, 1) ,
	(51, 12) ,
	(57, 7) ,
	(68, 16) ,
	(63, 11) ,
	(97, 6) ,
	(53, 3) ,
	(67, 2) ,
	(62, 15) ,
	(87, 14) ,
	(58, 8) ,
	(61, 4) ,
	(74, 7) ,
	(68, 18) ,
	(84, 2) ,
	(84, 11) ;

INSERT INTO RENTS(space_id,locker_id)
	VALUES
	(61, 1) ,
	(61, 2) ,
	(61, 3) ,
	(61, 4) ,
	(61, 5) ,
	(61, 6) ,
	(61, 7) ,
	(61, 8) ,
	(62, 1) ,
	(62, 2) ,
	(62, 3) ,
	(62, 4) ,
	(62, 5) ,
	(62, 6) ,
	(62, 7) ,
	(62, 8) ,
	(63, 1) ,
	(63, 2) ,
	(63, 3) ,
	(63, 4) ,
	(63, 5) ,
	(63, 6) ,
	(63, 7) ,
	(64, 1) ,
	(64, 2) ,
	(64, 3) ,
	(64, 4) ,
	(64, 5) ,
	(64, 6) ,
	(64, 7) ,
	(64, 8) ,
	(64, 9) ,
	(64, 10) ,
	(64, 11) ,
	(64, 12) ,
	(65, 1) ,
	(65, 2) ,
	(65, 3) ,
	(65, 4) ,
	(65, 5) ,
	(65, 6) ,
	(65, 7) ,
	(65, 8) ,
	(65, 9) ,
	(65, 10) ,
	(65, 11) ,
	(65, 12) ,
	(66, 1) ,
	(66, 2) ,
	(66, 3) ,
	(66, 4) ,
	(66, 5) ,
	(66, 6) ,
	(66, 7) ,
	(66, 8) ,
	(66, 9) ,
	(66, 10) ,
	(66, 11) ,
	(66, 12) ,
	(67, 1) ,
	(67, 2) ,
	(67, 3) ,
	(67, 4) ,
	(67, 5) ,
	(67, 6) ,
	(67, 7) ,
	(67, 8) ,
	(67, 9) ,
	(67, 10) ,
	(68, 1) ,
	(68, 2) ,
	(68, 3) ,
	(68, 4) ,
	(68, 5) ,
	(68, 6) ,
	(68, 7) ,
	(68, 8) ,
	(68, 9) ,
	(68, 10) ,
	(68, 11) ,
	(68, 12) ,
	(68, 13) ,
	(68, 14) ,
	(68, 15) ,
	(69, 1) ,
	(69, 2) ,
	(69, 3) ,
	(69, 4) ,
	(69, 5) ,
	(69, 6) ,
	(69, 7) ,
	(69, 8) ,
	(69, 9) ,
	(69, 10) ,
	(70, 1) ,
	(70, 2) ,
	(70, 3) ,
	(70, 4) ,
	(70, 5) ,
	(70, 6) ,
	(70, 7) ,
	(70, 8) ,
	(70, 9) ,
	(70, 10) ,
	(71, 1) ,
	(71, 2) ,
	(71, 3) ,
	(71, 4) ,
	(71, 5) ,
	(71, 6) ,
	(71, 7) ,
	(71, 8) ,
	(71, 9) ,
	(72, 1) ,
	(72, 2) ,
	(72, 3) ,
	(72, 4) ,
	(72, 5) ,
	(72, 6) ,
	(72, 7) ,
	(72, 8) ,
	(72, 9) ,
	(72, 10) ,
	(72, 11) ,
	(72, 12) ,
	(72, 13) ,
	(72, 14) ,
	(72, 15) ,
	(73, 1) ,
	(73, 2) ,
	(73, 3) ,
	(73, 4) ,
	(73, 5) ,
	(73, 6) ,
	(73, 7) ,
	(73, 8) ,
	(73, 9) ,
	(73, 10) ,
	(73, 11) ,
	(73, 12) ,
	(73, 13) ,
	(74, 1) ,
	(74, 2) ,
	(74, 3) ,
	(74, 4) ,
	(74, 5) ,
	(74, 6) ,
	(74, 7) ,
	(74, 8) ,
	(74, 9) ,
	(74, 10) ,
	(75, 1) ,
	(75, 2) ,
	(75, 3) ,
	(75, 4) ,
	(75, 5) ,
	(75, 6) ,
	(75, 7) ,
	(76, 1) ,
	(76, 2) ,
	(76, 3) ,
	(76, 4) ,
	(76, 5) ,
	(77, 1) ,
	(77, 2) ,
	(77, 3) ,
	(77, 4) ,
	(77, 5) ,
	(77, 6) ,
	(77, 7) ,
	(77, 8) ,
	(77, 9) ,
	(77, 10) ,
	(78, 1) ,
	(78, 2) ,
	(78, 3) ,
	(78, 4) ,
	(78, 5) ,
	(78, 6) ,
	(78, 7) ,
	(78, 8) ,
	(78, 9) ,
	(78, 10) ,
	(78, 11) ,
	(78, 12) ,
	(78, 13) ,
	(79, 1) ,
	(79, 2) ,
	(79, 3) ,
	(79, 4) ,
	(79, 5) ,
	(79, 6) ,
	(79, 7) ,
	(79, 8) ,
	(79, 9) ,
	(79, 10) ,
	(79, 11) ,
	(79, 12) ,
	(80, 1) ,
	(80, 2) ,
	(80, 3) ,
	(80, 4) ,
	(80, 5) ,
	(80, 6) ,
	(80, 7) ,
	(80, 8) ,
	(81, 1) ,
	(81, 2) ,
	(81, 3) ,
	(81, 4) ,
	(81, 5) ,
	(81, 6) ,
	(81, 7) ,
	(81, 8) ,
	(81, 9) ,
	(81, 10) ,
	(81, 11) ,
	(81, 12) ,
	(81, 13) ,
	(81, 14) ,
	(81, 15) ,
	(82, 1) ,
	(82, 2) ,
	(82, 3) ,
	(82, 4) ,
	(82, 5) ,
	(82, 6) ,
	(83, 1) ,
	(83, 2) ,
	(83, 3) ,
	(83, 4) ,
	(83, 5) ,
	(83, 6) ,
	(83, 7) ,
	(83, 8) ,
	(83, 9) ,
	(83, 10) ,
	(83, 11) ,
	(83, 12) ,
	(83, 13) ,
	(84, 1) ,
	(84, 2) ,
	(84, 3) ,
	(84, 4) ,
	(84, 5) ,
	(84, 6) ,
	(85, 1) ,
	(85, 2) ,
	(85, 3) ,
	(85, 4) ,
	(85, 5) ,
	(85, 6) ,
	(85, 7) ,
	(85, 8) ,
	(85, 9) ,
	(85, 10) ,
	(85, 11) ,
	(85, 12) ,
	(85, 13) ,
	(85, 14) ,
	(86, 1) ,
	(86, 2) ,
	(86, 3) ,
	(86, 4) ,
	(86, 5) ,
	(86, 6) ,
	(86, 7) ,
	(86, 8) ,
	(86, 9) ,
	(86, 10) ,
	(86, 11) ,
	(86, 12) ,
	(87, 1) ,
	(87, 2) ,
	(87, 3) ,
	(87, 4) ,
	(87, 5) ,
	(87, 6) ,
	(87, 7) ,
	(88, 1) ,
	(88, 2) ,
	(88, 3) ,
	(88, 4) ,
	(88, 5) ,
	(88, 6) ,
	(88, 7) ,
	(89, 1) ,
	(89, 2) ,
	(89, 3) ,
	(89, 4) ,
	(89, 5) ,
	(89, 6) ,
	(89, 7) ,
	(89, 8) ,
	(89, 9) ,
	(89, 10) ,
	(89, 11) ,
	(89, 12) ,
	(89, 13) ,
	(89, 14) ,
	(89, 15) ,
	(90, 1) ,
	(90, 2) ,
	(90, 3) ,
	(90, 4) ,
	(90, 5) ,
	(90, 6) ,
	(91, 1) ,
	(91, 2) ,
	(91, 3) ,
	(91, 4) ,
	(91, 5) ,
	(92, 1) ,
	(92, 2) ,
	(92, 3) ,
	(92, 4) ,
	(92, 5) ,
	(92, 6) ,
	(92, 7) ,
	(92, 8) ,
	(92, 9) ,
	(92, 10) ,
	(92, 11) ,
	(92, 12) ,
	(92, 13) ,
	(92, 14) ,
	(93, 1) ,
	(93, 2) ,
	(93, 3) ,
	(93, 4) ,
	(93, 5) ,
	(93, 6) ,
	(93, 7) ,
	(93, 8) ,
	(93, 9) ,
	(93, 10) ,
	(93, 11) ,
	(93, 12) ,
	(94, 1) ,
	(94, 2) ,
	(94, 3) ,
	(94, 4) ,
	(94, 5) ,
	(94, 6) ,
	(94, 7) ,
	(94, 8) ,
	(94, 9) ,
	(95, 1) ,
	(95, 2) ,
	(95, 3) ,
	(95, 4) ,
	(95, 5) ,
	(95, 6) ,
	(95, 7) ,
	(95, 8) ,
	(95, 9) ,
	(96, 1) ,
	(96, 2) ,
	(96, 3) ,
	(96, 4) ,
	(96, 5) ,
	(97, 1) ,
	(97, 2) ,
	(97, 3) ,
	(97, 4) ,
	(97, 5) ,
	(97, 6) ,
	(97, 7) ,
	(97, 8) ,
	(97, 9) ,
	(97, 10) ,
	(97, 11) ,
	(98, 1) ,
	(98, 2) ,
	(98, 3) ,
	(98, 4) ,
	(98, 5) ,
	(98, 6) ,
	(98, 7) ,
	(98, 8) ,
	(98, 9) ,
	(98, 10) ,
	(98, 11) ,
	(98, 12) ,
	(98, 13) ,
	(98, 14) ,
	(98, 15) ,
	(99, 1) ,
	(99, 2) ,
	(99, 3) ,
	(99, 4) ,
	(99, 5) ,
	(99, 6) ,
	(99, 7) ,
	(99, 8) ,
	(100, 1) ,
	(100, 2) ,
	(100, 3) ,
	(100, 4) ,
	(100, 5) ,
	(100, 6) ,
	(100, 7) ,
	(100, 8) ,
	(100, 9) ,
	(100, 10) ,
	(100, 11) ,
	(100, 12) ,
	(100, 13);

UPDATE RENTS 
SET customer_id = 3
where space_id=75
AND locker_id=1;